id,first_name,last_name,email,gender,City,Phone
1,Benton,Utterson,butterson0@sakura.ne.jp,Male,Clarin,318-173-5568
2,Darb,Milsted,dmilsted1@sun.com,Male,Luci,828-789-6374
3,Cathyleen,Pic,cpic2@spiegel.de,Female,Mstów,316-194-1049
4,Vanya,Treher,vtreher3@123-reg.co.uk,Male,Fiditi,844-130-4580
5,Miof mela,Neave,mneave4@tumblr.com,Female,Tajrīsh,429-948-5301
6,Charissa,Kellen,ckellen5@csmonitor.com,Female,Dongfeng,204-583-4546
7,Noelyn,Ivashechkin,nivashechkin6@4shared.com,Female,Galapa,843-462-6658
8,Morry,Ridehalgh,mridehalgh7@earthlink.net,Male,Sarimukti Kaler,914-808-8946
9,Edmund,Bretton,ebretton8@salon.com,Male,Dearborn,734-536-1819
10,Ross,Bowater,rbowater9@networkadvertising.org,Male,Sędziszów,553-865-9214
11,Carola,Unwin,cunwina@surveymonkey.com,Female,Huayuan,171-118-6326
12,Fielding,Ragbourne,fragbourneb@elegantthemes.com,Agender,Rancapare,539-209-5520
13,Sabina,Ramsier,sramsierc@toplist.cz,Female,Laon,321-901-5112
14,Thaine,Mundford,tmundfordd@posterous.com,Male,Vyborg,309-177-6554
15,Gayler,Breagan,gbreagane@vk.com,Male,Guihulñgan,226-859-1181
16,Elwira,Trunby,etrunbyf@opera.com,Female,Khawr Maksar,948-479-2204
17,Sabra,Shippam,sshippamg@symantec.com,Female,Barão de Cocais,111-864-5886
18,Donny,Reisenberg,dreisenbergh@theatlantic.com,Male,Tairua,638-474-2141
19,Tricia,Lavallie,tlavalliei@myspace.com,Bigender,Jiangcun,726-382-9639
20,Vernon,Pellew,vpellewj@bbc.co.uk,Male,Thị Trấn Quế,659-465-5428
21,Laurence,Feldmesser,lfeldmesserk@si.edu,Male,Vagos,538-712-7687
22,Rosemarie,Withey,rwitheyl@jugem.jp,Female,Keleng,999-659-6180
23,See,Mishaw,smishawm@bizjournals.com,Male,Malakal,496-583-9513
24,Tudor,Lissandrini,tlissandrinin@dropbox.com,Male,Manggissari,950-581-5598
25,Kacey,Doul,kdoulo@google.fr,Female,Lao Suea Kok,652-984-8741
26,Cele,Rappaport,crappaportp@multiply.com,Female,Cholpon-Ata,442-968-5815
27,Padraic,Cordery,pcorderyq@baidu.com,Male,Igbo-Ukwu,613-591-4251
28,Nikita,Loach,nloachr@google.ca,Polygender,Spas-Zaulok,977-211-3751
29,Ivor,Roots,irootss@theatlantic.com,Male,Tabuaço,973-788-4557
30,Derwin,Loram,dloramt@ask.com,Male,Panyam,254-360-2061
31,Pat,MacCarrane,pmaccarraneu@hc360.com,Female,Rutana,822-486-0282
32,Urbain,Coppledike,ucoppledikev@t-online.de,Male,Tojal,342-624-1484
33,Sam,Harrow,sharroww@squarespace.com,Male,Santa Rosa de Cabal,886-488-0762
34,Jeramie,Brisse,jbrissex@t.co,Male,San José de Jáchal,168-447-9173
35,Jobye,Howsan,jhowsany@intel.com,Female,Cochadas,809-315-4579
36,Bria,Teligin,bteliginz@samsung.com,Female,Guápiles,550-622-5834
37,Karim,Danis,kdanis10@narod.ru,Male,Danja,492-479-3981
38,Buddie,Newbery,bnewbery11@hc360.com,Male,Tinumpuk,601-308-0799
39,Kirbee,Bleier,kbleier12@multiply.com,Bigender,Motegi,713-649-1984
40,Antoine,Gladtbach,agladtbach13@indiatimes.com,Male,Malpique,162-446-3258
41,Bartlett,Stickels,bstickels14@webmd.com,Male,Žleby,617-186-9554
42,Phaidra,Allewell,pallewell15@ibm.com,Female,Jundian,104-683-1365
43,Heath,Fearon,hfearon16@illinois.edu,Female,Bandhagen,802-299-9721
44,Bendick,Bolstridge,bbolstridge17@usgs.gov,Male,Suzuka,820-587-2025
45,Tallulah,Longhurst,tlonghurst18@behance.net,Female,Ngã Bảy,317-957-9270
46,Lon,Greenside,lgreenside19@dmoz.org,Male,Kanash,180-218-0239
47,Quintus,Gouldbourn,qgouldbourn1a@timesonline.co.uk,Male,Daru,480-813-6573
48,Hyacinthia,Jennrich,hjennrich1b@hao123.com,Female,Barberena,144-150-7821
49,Findlay,Struis,fstruis1c@thetimes.co.uk,Male,Kanoya,149-135-1927
50,Allen,Giovanitti,agiovanitti1d@hatena.ne.jp,Male,Zürich,663-612-9485
51,Roderich,Silk,rsilk1e@imageshack.us,Male,Mazowe,618-948-1582
52,Diane,Triggs,dtriggs1f@wunderground.com,Female,Kerasochóri,170-799-6493
53,Lane,Bigglestone,lbigglestone1g@plala.or.jp,Male,Zouparria do Monte,259-470-4111
54,Malvina,Swayne,mswayne1h@dell.com,Female,Al ‘Alamayn,762-143-4930
55,Chrisy,Fison,cfison1i@adobe.com,Male,Fort McMurray,722-788-0567
56,Lora,Reina,lreina1j@eepurl.com,Female,Grootfontein,483-641-6650
57,Guinna,Counihan,gcounihan1k@ow.ly,Female,Punta Gorda,567-156-7497
58,Andre,Dake,adake1l@imageshack.us,Male,Kloangpopot,777-678-6584
59,Mikey,Copin,mcopin1m@tripod.com,Male,Phichit,294-441-7244
60,Dix,Peye,dpeye1n@latimes.com,Female,Talas,560-837-1045
61,Care,Dabinett,cdabinett1o@google.it,Male,Las Vegas,702-499-0793
62,Catarina,Maier,cmaier1p@cnn.com,Non-binary,Qingshan,521-829-0714
63,Jen,Scones,jscones1q@xinhuanet.com,Genderfluid,Sinegor'ye,480-714-2716
64,Anna-maria,Djurisic,adjurisic1r@wiley.com,Female,Périgueux,673-348-1366
65,Roderick,Barbera,rbarbera1s@uol.com.br,Male,Lamoso,498-549-3879
66,Ludvig,Newbery,lnewbery1t@webeden.co.uk,Male,Pichilemu,841-754-7060
67,Lucinda,Matushenko,lmatushenko1u@ucoz.ru,Female,Verona,176-697-2249
68,Keefer,Basketfield,kbasketfield1v@wiley.com,Male,Basse-Terre,657-172-7782
69,Hinze,Caney,hcaney1w@cam.ac.uk,Male,Birayang,186-603-3350
70,Batholomew,Borthe,bborthe1x@sogou.com,Male,Kamubheka,523-639-5530
71,Haslett,Jozwik,hjozwik1y@opera.com,Male,Rauma,722-449-6854
72,Lilyan,Berrycloth,lberrycloth1z@wisc.edu,Female,Punat,504-204-3597
73,Inger,Lages,ilages20@stanford.edu,Male,Wujiayao,862-655-3390
74,Julian,Matuskiewicz,jmatuskiewicz21@about.me,Agender,Utrecht (stad),246-616-9606
75,Margaux,Bozward,mbozward22@rediff.com,Female,Barretos,857-792-5043
76,Zandra,Colby,zcolby23@accuweather.com,Female,Mata de São João,560-991-2829
77,Hollis,Berthot,hberthot24@fda.gov,Male,Baimangpu,345-945-3836
78,Bondie,Befroy,bbefroy25@addthis.com,Male,Retiro,860-203-6840
79,Kevina,Kimmitt,kkimmitt26@friendfeed.com,Female,Pochep,711-872-0843
80,Pamela,Peret,pperet27@mayoclinic.com,Female,Chusovoy,722-277-3393
81,Lucius,Shillitto,lshillitto28@comsenz.com,Male,Millerovo,912-190-7309
82,Nestor,Whitechurch,nwhitechurch29@mtv.com,Polygender,Chiguata,237-749-6880
83,Iago,Hulle,ihulle2a@weibo.com,Male,Curitibanos,418-701-6381
84,Fredrika,Postance,fpostance2b@google.ru,Female,Bader,372-484-0324
85,Sergeant,Wind,swind2c@fema.gov,Male,Satinka,742-995-3306
86,Jillian,Wilkie,jwilkie2d@bloglines.com,Female,Wushan,269-724-8023
87,Corbett,McIlreavy,cmcilreavy2e@usgs.gov,Male,Kamieniec Ząbkowicki,389-193-2171
88,Mayer,Bosche,mbosche2f@ameblo.jp,Male,Shijing,208-898-1065
89,Sid,Ireland,sireland2g@google.co.uk,Male,Limoges,382-133-6808
90,Candice,Beebe,cbeebe2h@fotki.com,Female,Mueang Phuket,406-129-1981
91,Herbie,Wudeland,hwudeland2i@prweb.com,Male,Touying,549-206-3607
92,Frederica,Pedro,fpedro2j@ycombinator.com,Bigender,Bueng Kum,981-935-0156
93,Devan,Carnie,dcarnie2k@bizjournals.com,Genderfluid,Vawkavysk,766-502-6005
94,Giordano,Breckin,gbreckin2l@scribd.com,Genderfluid,Magitang,624-405-5658
95,Whitney,Amner,wamner2m@flavors.me,Male,Huayuan,879-893-1764
96,Teriann,Blondin,tblondin2n@lulu.com,Genderqueer,Neuzina,712-160-1281
97,Freddie,McLagain,fmclagain2o@weibo.com,Male,Feitoria,470-551-5227
98,Christiano,Shaxby,cshaxby2p@moonfruit.com,Male,Mandaue City,992-923-0351
99,Steffen,Wayman,swayman2q@skyrock.com,Male,Rennes,471-353-4252
100,Artair,McCrone,amccrone2r@eepurl.com,Male,Prang Ku,830-887-2834
101,Brigitte,Cavalier,bcavalier2s@vk.com,Female,Parada de Pinhão,909-228-8520
102,Sibyl,Matveyev,smatveyev2t@rambler.ru,Female,Pataha,120-902-4793
103,Maria,Ordelt,mordelt2u@pcworld.com,Female,Sedayu,360-357-5463
104,Piper,Gaither,pgaither2v@bluehost.com,Female,Bandungan Timur,103-628-6210
105,Vyky,Insall,vinsall2w@marriott.com,Female,Taoyuan,797-218-7463
106,Valeda,Dorking,vdorking2x@feedburner.com,Female,Głuchów,177-463-3850
107,Giuseppe,Jeandon,gjeandon2y@csmonitor.com,Male,Ekou,275-976-2191
108,Kienan,Brindle,kbrindle2z@walmart.com,Male,Banjar Jagasatru,164-606-8531
109,Patricia,Songest,psongest30@princeton.edu,Female,Sandata,776-515-3099
110,Martynne,Kinnoch,mkinnoch31@deviantart.com,Female,Borgustanskaya,370-377-5667
111,Caitrin,Bedenham,cbedenham32@cbslocal.com,Female,Ol Kalou,125-409-8717
112,Thadeus,Taudevin,ttaudevin33@nyu.edu,Male,Babakanjaya,108-834-1601
113,Bastian,Porteous,bporteous34@cyberchimps.com,Male,Gataivai,750-716-9151
114,Laurette,Becket,lbecket35@opera.com,Female,Heping,444-340-4084
115,Stern,Braz,sbraz36@springer.com,Male,San Benito,972-691-8090
116,Concettina,Armstead,carmstead37@tripadvisor.com,Female,Il’ka,957-820-3378
117,Christean,Doogood,cdoogood38@github.com,Female,Qiaotou,500-995-7186
118,Adriano,Rawsthorne,arawsthorne39@mlb.com,Male,Zhishan,202-786-7291
119,Carroll,Pitcher,cpitcher3a@cbc.ca,Female,Angadanan,331-347-1920
120,Markos,Gionettitti,mgionettitti3b@imdb.com,Male,Sebedo,402-104-3560
121,Allistir,Meineken,ameineken3c@disqus.com,Male,Weitang,396-839-9659
122,Griff,Bread,gbread3d@cnn.com,Male,Krajan,654-273-1912
123,Sigismund,Goodband,sgoodband3e@google.com.au,Male,Nicasio,174-779-0229
124,Madelene,Schrinel,mschrinel3f@usda.gov,Female,João Pessoa,763-301-4893
125,Barri,Rzehor,brzehor3g@so-net.ne.jp,Male,Le Mans,615-341-8143
126,Trix,Narup,tnarup3h@mediafire.com,Female,Milwaukee,360-880-9194
127,Brigit,Agdahl,bagdahl3i@intel.com,Female,Jarānwāla,191-805-6377
128,Brendan,Senett,bsenett3j@fastcompany.com,Male,Dadong,895-602-0058
129,Dare,Laughren,dlaughren3k@ucsd.edu,Male,Zhong’an,753-233-0607
130,Dukie,Haggas,dhaggas3l@reuters.com,Male,Ingå,909-600-4524
131,Laughton,Pilley,lpilley3m@yahoo.com,Male,Kubangsari,563-678-5224
132,Durward,Maryet,dmaryet3n@illinois.edu,Male,Nakhabino,211-554-8615
133,Hermina,Olland,holland3o@guardian.co.uk,Female,Tiền Hải,500-565-8216
134,Odette,Dunthorn,odunthorn3p@yale.edu,Female,Jianghu,594-658-7532
135,Dorrie,Wanless,dwanless3q@nytimes.com,Female,Zitong,351-973-5955
136,Jarrod,Theriot,jtheriot3r@ask.com,Male,Bendoroto,182-673-3366
137,Byran,Valentelli,bvalentelli3s@dailymotion.com,Male,Oroin Xibe,940-667-0405
138,Nyssa,Shelper,nshelper3t@delicious.com,Female,Al ‘Ashshah,928-955-4577
139,Missy,Caswell,mcaswell3u@narod.ru,Bigender,Taochuan,473-768-1170
140,Ezechiel,Dunseath,edunseath3v@infoseek.co.jp,Male,Ell,760-380-0374
141,Jeffry,Deniseau,jdeniseau3w@sbwire.com,Male,Bajo,987-969-4942
142,Kacy,Taveriner,ktaveriner3x@gnu.org,Non-binary,Pułtusk,373-320-6641
143,Adriane,Francecione,afrancecione3y@japanpost.jp,Female,Jinping,176-988-0787
144,Cyril,Ingle,cingle3z@artisteer.com,Male,Nazyvayevsk,818-994-4102
145,Loni,Hulbert,lhulbert40@kickstarter.com,Female,Biała,340-186-0424
146,Galven,Greenhough,ggreenhough41@unc.edu,Male,Tyoply Stan,334-655-0206
147,Constanta,Kildahl,ckildahl42@exblog.jp,Female,Naikolan,649-736-2920
148,Kiri,Walker,kwalker43@cdbaby.com,Female,Nogueira,154-868-8446
149,Chastity,Scottesmoor,cscottesmoor44@comsenz.com,Polygender,Nai Harn,490-912-2193
150,Tildie,Nodin,tnodin45@xinhuanet.com,Female,Orion,881-832-1611
151,Thorpe,Adamik,tadamik46@xing.com,Male,Klenica,757-430-4785
152,Woody,Tetther,wtetther47@icio.us,Male,Jiufang,331-561-4346
153,Sandra,Muckersie,smuckersie48@ask.com,Female,Xinshan,483-124-1799
154,Sybila,D'Oyley,sdoyley49@gizmodo.com,Female,Lesogorsk,124-449-1441
155,Tamma,Kenzie,tkenzie4a@studiopress.com,Female,Basel,768-108-8640
156,Thomasina,Filchagin,tfilchagin4b@walmart.com,Female,Sibreh,591-468-8831
157,Gael,Gruszecki,ggruszecki4c@auda.org.au,Male,Dzvinogrud,895-532-4018
158,Kristen,Megarry,kmegarry4d@discovery.com,Female,Ash Shuqayrah,940-962-4162
159,Friederike,Leighton,fleighton4e@dedecms.com,Female,Dve Mogili,742-728-8429
160,Sollie,Chestnut,schestnut4f@google.it,Male,Sunchales,898-439-9069
161,Benedict,Cromwell,bcromwell4g@vkontakte.ru,Non-binary,Matos da Ranha,395-940-6289
162,Alexina,Willgress,awillgress4h@weibo.com,Female,Cunha,915-760-2162
163,Lowrance,Purshouse,lpurshouse4i@dagondesign.com,Male,Ýdra,692-968-6944
164,Virginie,O'Reagan,voreagan4j@homestead.com,Female,Oakville,830-802-9054
165,Jeff,Peppard,jpeppard4k@miitbeian.gov.cn,Male,Uujim,543-188-3022
166,Seamus,Forbear,sforbear4l@desdev.cn,Male,Cimahi,829-649-2677
167,Rodrique,Bridgman,rbridgman4m@ycombinator.com,Male,Calabaca,977-702-7836
168,Brigitta,Baddow,bbaddow4n@pinterest.com,Female,Dashi,432-566-8644
169,Dulsea,Learmont,dlearmont4o@hao123.com,Female,Drogomyśl,402-669-8498
170,Brinn,Mustard,bmustard4p@ft.com,Genderfluid,Khao Yoi,416-761-7576
171,Stephanie,Grishmanov,sgrishmanov4q@shinystat.com,Female,Pakisaji,817-948-3719
172,Alistair,Dikels,adikels4r@trellian.com,Male,Dalubian,655-278-5020
173,Bastian,Avey,bavey4s@amazonaws.com,Male,Kolobolon,925-409-6504
174,Alec,Mebs,amebs4t@discovery.com,Male,Caotang,400-371-4434
175,Merrel,Woloschinski,mwoloschinski4u@privacy.gov.au,Male,Gobernador Ingeniero Valentín Virasoro,681-431-0445
176,Burgess,Osband,bosband4v@state.gov,Male,Laiponda,344-954-2182
177,Conny,MacCurley,cmaccurley4w@redcross.org,Female,Begejci,346-698-4214
178,April,Gladdin,agladdin4x@furl.net,Non-binary,Lantera,476-844-8357
179,Tillie,Rehme,trehme4y@census.gov,Female,Jiucheng,814-538-0231
180,Skelly,Laidlow,slaidlow4z@intel.com,Male,Zhongxing,823-783-3270
181,Esmeralda,Goretti,egoretti50@cloudflare.com,Genderqueer,Russeifa,476-798-6428
182,Raymond,Krook,rkrook51@home.pl,Male,Osieczna,297-253-2490
183,Zacharie,Cawthry,zcawthry52@adobe.com,Male,Malim,545-944-4779
184,Mignonne,Pinniger,mpinniger53@columbia.edu,Female,Santo Tomé,111-855-1424
185,Donaugh,Entres,dentres54@symantec.com,Male,Cilampuyang,600-816-7662
186,Ransom,Huws,rhuws55@sphinn.com,Male,As Salţ,788-606-4961
187,Abie,Callander,acallander56@bloomberg.com,Male,Monastir,722-942-5956
188,Tracie,Eacott,teacott57@chron.com,Male,Hongshanyao,233-439-9391
189,Zebulon,Kindleysides,zkindleysides58@lulu.com,Male,Songhu,419-880-0766
190,Kirsten,Collopy,kcollopy59@360.cn,Female,Oštarije,873-682-1369
191,Donovan,Godleman,dgodleman5a@dailymotion.com,Male,Xintang,606-782-2594
192,Engelbert,Silber,esilber5b@dion.ne.jp,Male,Chibuto,134-149-9808
193,Karrah,Petracchi,kpetracchi5c@hatena.ne.jp,Female,Communal,715-587-7877
194,Gregorius,Banbury,gbanbury5d@surveymonkey.com,Male,Kamenný Přívoz,520-663-6955
195,Ronna,Heffernan,rheffernan5e@1und1.de,Female,Hato Mayor del Rey,610-813-3617
196,Alikee,Perrelle,aperrelle5f@amazon.co.uk,Polygender,Předměřice nad Labem,639-821-5306
197,Colet,Ruger,cruger5g@netvibes.com,Male,Daqiao,852-453-1271
198,Oralie,Aspinal,oaspinal5h@cocolog-nifty.com,Female,Buin,286-846-1754
199,Sholom,Jaskowicz,sjaskowicz5i@bbb.org,Male,Ранковце,174-596-1309
200,Orlan,Heijne,oheijne5j@ucoz.com,Male,Seixo,734-531-3316
201,Stillmann,Giacomucci,sgiacomucci5k@nasa.gov,Male,Deskáti,270-833-3444
202,Irving,Goldman,igoldman5l@blogger.com,Male,Kasimov,960-226-4721
203,Mata,Meharry,mmeharry5m@lycos.com,Male,Grande Prairie,161-335-5893
204,Romona,Morse,rmorse5n@nps.gov,Female,Suzdal’,555-620-4260
205,Allys,Albutt,aalbutt5o@cbc.ca,Female,Debeljača,131-150-4007
206,Rayna,Itzik,ritzik5p@scientificamerican.com,Female,Acatenango,979-285-5860
207,Jens,De La Hay,jdelahay5q@vimeo.com,Male,Baru,577-355-4358
208,Godfry,Fould,gfould5r@businessinsider.com,Male,Yalukou,776-108-7725
209,Iormina,Moncaster,imoncaster5s@ox.ac.uk,Female,Tyvriv,864-950-3054
210,Lanette,Thomton,lthomton5t@independent.co.uk,Female,Kaédi,822-292-2370
211,Bax,Brignell,bbrignell5u@google.fr,Male,Yulong,666-938-6999
212,Griffith,Louth,glouth5v@joomla.org,Male,Dampek,667-353-9887
213,Angelique,Townson,atownson5w@go.com,Female,Susaki,871-434-6197
214,Leda,Hourihan,lhourihan5x@delicious.com,Female,Changhao,432-759-9289
215,Traver,Brumhead,tbrumhead5y@europa.eu,Male,Kembang,530-702-1476
216,Lucien,Covell,lcovell5z@unc.edu,Male,Bratislava,299-962-6725
217,Clemmie,Quinevan,cquinevan60@eepurl.com,Female,Zhongfeng,134-177-9820
218,Hugh,Fisher,hfisher61@google.co.uk,Male,Huaqiao,193-709-2559
219,Dacie,Tander,dtander62@apache.org,Female,Xinhua,740-663-7459
220,Hamilton,Golby,hgolby63@baidu.com,Male,Viraco,873-715-0605
221,Donica,Venditto,dvenditto64@mac.com,Female,Sugihan,913-929-6252
222,Lillis,Ghidoni,lghidoni65@uiuc.edu,Female,Flor da Mata,793-648-8668
223,Dyanne,Cowoppe,dcowoppe66@ed.gov,Female,Vetlanda,205-992-3946
224,Roseline,Petegre,rpetegre67@go.com,Female,Kasamatsuchō,516-347-2616
225,Blanche,Biasioni,bbiasioni68@sun.com,Female,Chaves,646-128-0409
226,Shell,Goodburn,sgoodburn69@amazon.co.jp,Male,Fengmu,291-930-4616
227,Feodor,Zanitti,fzanitti6a@is.gd,Male,Pérama,639-269-7577
228,Glenine,Tinston,gtinston6b@goo.gl,Non-binary,Marseille,339-223-3623
229,Neddy,Barnicott,nbarnicott6c@flavors.me,Non-binary,Kisumu,692-373-2169
230,Gina,Cornejo,gcornejo6d@home.pl,Female,Ouro Branco,928-952-5046
231,Hailee,Hardaker,hhardaker6e@pagesperso-orange.fr,Female,Anjiang,512-205-6685
232,Lenard,Landsman,llandsman6f@unc.edu,Male,Kastrat,289-161-7700
233,Gracia,Whitfield,gwhitfield6g@pagesperso-orange.fr,Female,Shangrao,447-387-6221
234,Fae,Asaaf,fasaaf6h@nydailynews.com,Female,Suncun,271-899-9662
235,Marsiella,O'Flannery,moflannery6i@japanpost.jp,Female,Gjinkar,929-456-4182
236,Mackenzie,Dober,mdober6j@tamu.edu,Male,Janūb as Surrah,580-645-9006
237,Lettie,Limbourne,llimbourne6k@ning.com,Female,Xinxing,760-907-5346
238,Dylan,Prettyman,dprettyman6l@ask.com,Male,San Agustín,494-246-7166
239,Stefanie,Verring,sverring6m@mediafire.com,Female,Tucaní,562-426-9818
240,Berget,Preddy,bpreddy6n@usnews.com,Non-binary,Taipingchuan,764-496-0644
241,Carmelita,Bale,cbale6o@goo.gl,Female,Jiujiang,524-237-6633
242,Ellene,Oloshin,eoloshin6p@tamu.edu,Female,Tashla,335-235-2833
243,Toni,Gretton,tgretton6q@barnesandnoble.com,Female,Bafoussam,419-941-0459
244,Kingsley,Bridgewater,kbridgewater6r@over-blog.com,Male,Pringu,313-728-0264
245,Erda,Houndesome,ehoundesome6s@digg.com,Female,Krajan Keboromo,367-526-8497
246,Bobby,Rockhall,brockhall6t@blogs.com,Male,Tomioka,989-596-8107
247,Carmella,Challen,cchallen6u@yahoo.com,Female,Santa Quitéria,337-110-3867
248,Egon,Frankcomb,efrankcomb6v@liveinternet.ru,Male,El Paso,915-917-4029
249,Kayle,Carnalan,kcarnalan6w@shutterfly.com,Female,Al Jubayl,769-917-1692
250,Jillie,Antonowicz,jantonowicz6x@purevolume.com,Female,Xiatuanpu,457-736-9102
251,Domenic,Gorger,dgorger6y@hubpages.com,Male,Hake,137-324-0935
252,Johna,Snead,jsnead6z@jimdo.com,Female,Ḩukūmat-e Shīnkaī,718-383-5011
253,Rinaldo,Adamowitz,radamowitz70@gnu.org,Male,Liloy,488-748-8263
254,Corina,Dalwood,cdalwood71@dailymail.co.uk,Female,Salvador,194-108-5828
255,Bili,Steers,bsteers72@fastcompany.com,Female,Daja Lorong,414-933-8425
256,Barbabas,Moret,bmoret73@miitbeian.gov.cn,Male,Lujing Zhen,175-223-2748
257,Denice,Templman,dtemplman74@usatoday.com,Female,Pelabuhanratu,706-980-4748
258,Deina,Bodemeaid,dbodemeaid75@utexas.edu,Female,Hobo,183-511-7926
259,Boniface,Adamkiewicz,badamkiewicz76@time.com,Male,Frederiksberg,863-200-4307
260,Ninetta,Simonetti,nsimonetti77@ebay.com,Female,Kónitsa,346-590-9013
261,Daisi,Giovanardi,dgiovanardi78@independent.co.uk,Polygender,Ambarita,207-261-1786
262,Joan,Bushell,jbushell79@flickr.com,Female,Piuí,233-259-9140
263,Gunner,Trewman,gtrewman7a@hubpages.com,Male,Durrës,658-555-7119
264,Neila,Agett,nagett7b@businesswire.com,Female,Rakaia,370-252-0335
265,Berthe,Sales,bsales7c@geocities.com,Female,Lae,431-759-7919
266,Neila,Hollidge,nhollidge7d@sun.com,Female,Terentang,330-703-9810
267,Leelah,Waterson,lwaterson7e@pagesperso-orange.fr,Female,Fenghuangdong,222-952-3375
268,Lissie,Filtness,lfiltness7f@who.int,Female,Wolonio,382-888-7715
269,Mariana,Alpes,malpes7g@oracle.com,Female,Khonj,658-965-7243
270,Isa,Adacot,iadacot7h@aboutads.info,Male,Blendis,273-535-7105
271,Pearl,Stroton,pstroton7i@sogou.com,Female,Zhongshan,966-879-9585
272,Sergio,Dennett,sdennett7j@china.com.cn,Male,Gary,219-491-6925
273,Nathanial,Kopec,nkopec7k@gov.uk,Male,Marston,471-624-7521
274,Alastair,Logg,alogg7l@webnode.com,Polygender,Prokhorovka,623-523-5564
275,Ase,Fallowes,afallowes7m@miitbeian.gov.cn,Male,Toluviejo,204-489-7119
276,Asia,Learned,alearned7n@aboutads.info,Female,Masarayao,113-949-4052
277,Giffy,Griston,ggriston7o@skype.com,Male,Zhangjia,537-738-8335
278,Hendrika,Padberry,hpadberry7p@de.vu,Female,Puconci,933-162-6807
279,Paquito,Maylard,pmaylard7q@cbsnews.com,Male,Gornji Petrovci,345-812-3622
280,Annette,Dossantos,adossantos7r@google.de,Female,Las Junturas,402-796-3635
281,Jarid,Swanton,jswanton7s@dagondesign.com,Male,Kansas City,816-111-7954
282,Waverly,Ivimy,wivimy7t@shop-pro.jp,Male,Shuangtian,813-339-8522
283,Andria,Selwyne,aselwyne7u@irs.gov,Female,Velyki Mezhyrichi,625-611-3617
284,Dill,Eads,deads7v@independent.co.uk,Male,Xukou,242-877-0908
285,Mathe,MacLice,mmaclice7w@yellowpages.com,Male,Montor Timur,289-176-4561
286,Kendell,Spinozzi,kspinozzi7x@dell.com,Male,Tanuma,666-580-2102
287,Carlye,Kemmet,ckemmet7y@dailymotion.com,Female,Anda,471-533-5794
288,Dulcea,Semerad,dsemerad7z@indiegogo.com,Female,Kajatian,803-851-8737
289,Caitlin,Castelow,ccastelow80@tiny.cc,Bigender,Södra Sandby,955-842-8483
290,Hogan,Ducarne,hducarne81@t-online.de,Male,Langchuan,271-607-0492
291,Cyrille,Leas,cleas82@360.cn,Male,Bankaw,185-299-9831
292,Whit,Morrallee,wmorrallee83@blogger.com,Male,Karanganyar,751-636-3351
293,Johnnie,Sivorn,jsivorn84@theglobeandmail.com,Male,Mbale,518-976-2856
294,Isa,Katz,ikatz85@posterous.com,Male,Takahagi,594-788-2615
295,Doe,Mansford,dmansford86@google.es,Bigender,Xinye,818-750-7406
296,Allianora,McHarry,amcharry87@deliciousdays.com,Female,Kuantan,900-716-5686
297,Kania,Naile,knaile88@privacy.gov.au,Genderqueer,Huancapallac,104-743-4482
298,Elicia,Favel,efavel89@discovery.com,Female,Varybóbi,269-742-6589
299,Codie,Emsley,cemsley8a@answers.com,Male,Lian’an,861-814-7993
300,Herminia,Edwin,hedwin8b@prlog.org,Bigender,Watuagung,299-797-2358
301,Cedric,MacKill,cmackill8c@virginia.edu,Male,Caringin,511-288-2829
302,Ingunna,Siehard,isiehard8d@cocolog-nifty.com,Female,Toul,948-143-9584
303,Justina,Crum,jcrum8e@networksolutions.com,Female,Herrljunga,615-571-0333
304,Siana,Hugonin,shugonin8f@harvard.edu,Female,Megáli Khóra,187-962-0223
305,Della,Dibdale,ddibdale8g@cbsnews.com,Female,Plei Kần,521-900-6359
306,Kelila,Wanden,kwanden8h@narod.ru,Female,Rockford,815-379-7275
307,Rosalinda,Giacomazzo,rgiacomazzo8i@macromedia.com,Female,Helsingborg,386-418-6218
308,Latrena,Gymblett,lgymblett8j@prlog.org,Female,Artsvanist,824-562-8216
309,Edin,Bayston,ebayston8k@smugmug.com,Female,Huayuan,817-332-2315
310,Harri,Malins,hmalins8l@nps.gov,Bigender,Tarłów,836-836-7895
311,Wang,Brandino,wbrandino8m@springer.com,Male,Suzano,709-181-1189
312,Katie,Cadman,kcadman8n@goodreads.com,Female,Clermont-Ferrand,952-267-1196
313,Sigismondo,Dewey,sdewey8o@ihg.com,Male,Ciudad Nueva,666-753-0386
314,Verla,Armes,varmes8p@sbwire.com,Female,Bintulu,218-273-2005
315,Fin,Hans,fhans8q@xing.com,Male,Atlanta,678-760-6392
316,Natalya,Helleker,nhelleker8r@goodreads.com,Female,Zibreira,826-929-2693
317,Dixie,Patley,dpatley8s@craigslist.org,Female,Shima,584-402-0095
318,Marylin,Smithson,msmithson8t@economist.com,Female,Youzha,734-221-1166
319,Brant,Welberry,bwelberry8u@mlb.com,Male,Nýřany,538-703-6808
320,Delinda,Organ,dorgan8v@usda.gov,Female,Longzui,973-847-8322
321,Edik,Bretherick,ebretherick8w@freewebs.com,Male,Shetangpo,837-124-1790
322,Hersch,Meece,hmeece8x@oracle.com,Male,Łęczyce,980-101-5450
323,Wesley,Van Leijs,wvanleijs8y@naver.com,Male,Kamojimachō-jōgejima,453-300-0420
324,Lennie,Kenyon,lkenyon8z@adobe.com,Male,Shanxiahu,282-832-4701
325,Lianne,Billingsly,lbillingsly90@ustream.tv,Polygender,Natal,193-684-1959
326,Augie,Prue,aprue91@goo.ne.jp,Male,Požarevac,900-347-1267
327,Kaylyn,Davitashvili,kdavitashvili92@google.com.au,Female,Baitu,246-260-0159
328,Rutter,Lamke,rlamke93@time.com,Male,Codajás,650-153-6091
329,Brunhilde,Dolbey,bdolbey94@bizjournals.com,Female,Nanmuping,625-356-4974
330,Etti,Bryenton,ebryenton95@networkadvertising.org,Polygender,Had Kourt,877-776-0903
331,Zak,Persich,zpersich96@themeforest.net,Male,Piippola,358-811-6470
332,Chrystel,Stollmeier,cstollmeier97@cnet.com,Female,Kelmė,103-389-9991
333,Uri,Hutton,uhutton98@marriott.com,Male,Bor,510-498-4470
334,Nada,O'Loughnan,noloughnan99@cisco.com,Female,Zhovkva,432-429-5125
335,Clarice,Robert,crobert9a@squidoo.com,Female,Fukushima-shi,268-500-9537
336,Cassius,Skey,cskey9b@dailymotion.com,Male,Três Corações,598-565-4595
337,Gustavus,Hallatt,ghallatt9c@theglobeandmail.com,Male,Saint-Bruno-de-Montarville,171-891-7129
338,Zane,Silley,zsilley9d@i2i.jp,Male,Nicolas Bravo,246-949-1349
339,Aleta,Messager,amessager9e@fastcompany.com,Female,São Pedro Gafanhoeira,291-304-5661
340,Helaine,Papierz,hpapierz9f@sbwire.com,Female,Castanheiro do Sul,827-775-8185
341,Curtice,Whittles,cwhittles9g@wordpress.com,Male,Tadou,783-689-1797
342,Susana,Edgley,sedgley9h@cnn.com,Non-binary,Chlumčany,672-797-7073
343,Cary,Radley,cradley9i@simplemachines.org,Female,Martingança-Gare,654-495-0057
344,Keenan,McVane,kmcvane9j@cnet.com,Male,Taipingguan,370-929-1027
345,Demetris,Pepall,dpepall9k@tmall.com,Male,Houping,374-534-2728
346,Windy,De Cruze,wdecruze9l@nymag.com,Female,Ruukki,453-771-6542
347,Nowell,Spottswood,nspottswood9m@nytimes.com,Male,Nyköping,181-702-4569
348,Nanete,Gosneye,ngosneye9n@archive.org,Genderqueer,Banjar Jabejero,917-741-5001
349,Jacki,Panas,jpanas9o@free.fr,Female,Huata,414-256-5717
350,Roland,Gogerty,rgogerty9p@foxnews.com,Male,Al Kittah,350-319-8265
351,Nickie,Skypp,nskypp9q@foxnews.com,Male,Daxinshao,922-286-9562
352,Wynnie,Le Fevre,wlefevre9r@amazon.de,Female,Chon Buri,865-722-2590
353,Tynan,Dyball,tdyball9s@over-blog.com,Male,Napenay,421-624-9795
354,Claudelle,Padgett,cpadgett9t@barnesandnoble.com,Non-binary,Zargarān,740-801-9293
355,Lorine,Sleightholme,lsleightholme9u@friendfeed.com,Female,Carot,162-605-9226
356,Archibaldo,Whaymand,awhaymand9v@twitpic.com,Male,Tinambac,383-338-8276
357,Matthew,Skedgell,mskedgell9w@toplist.cz,Male,Ganjiachang,727-359-3913
358,Hilliard,Frankis,hfrankis9x@rediff.com,Male,Sigli,835-770-6427
359,Con,Jacombs,cjacombs9y@hc360.com,Male,Meicheng,654-618-3200
360,Graham,Jedrachowicz,gjedrachowicz9z@gov.uk,Genderfluid,Kurikka,669-527-6200
361,Jaime,Hamnet,jhamneta0@vkontakte.ru,Female,Gulou,531-831-9636
362,Olva,La Torre,olatorrea1@moonfruit.com,Female,Timbiras,280-630-5858
363,Reider,Roistone,rroistonea2@rediff.com,Polygender,Campaka,849-964-5480
364,Willie,Gionettitti,wgionettittia3@hexun.com,Agender,Talangnan,645-379-7802
365,Davida,Kisby,dkisbya4@istockphoto.com,Female,Kampala,828-198-6654
366,Mattias,Bottom,mbottoma5@homestead.com,Male,Taotang,943-204-7793
367,Carson,O' Molan,comolana6@networksolutions.com,Male,Pridraga,354-274-2639
368,Cybil,Henric,chenrica7@si.edu,Female,Anping,334-236-2673
369,Townie,Pumphrey,tpumphreya8@toplist.cz,Polygender,Bolian,367-240-0520
370,Hillard,Schettini,hschettinia9@youku.com,Male,Krajan Menggare,537-163-2155
371,Trudey,Blayd,tblaydaa@disqus.com,Female,Yangpu,607-273-1669
372,Otho,Laflin,olaflinab@springer.com,Male,Ostaszewo,897-464-9597
373,Mattie,Braiden,mbraidenac@sphinn.com,Female,Bugul’ma,742-995-9003
374,Michelina,Kenforth,mkenforthad@artisteer.com,Female,Kant,234-219-7438
375,Doralynne,Gonneau,dgonneauae@unesco.org,Non-binary,Washington,202-512-9305
376,Leonard,Crannach,lcrannachaf@devhub.com,Male,Tokār,654-702-8472
377,Heidi,Maddick,hmaddickag@elpais.com,Polygender,Sidi Bousber,320-180-0162
378,Josselyn,Pellew,jpellewah@live.com,Female,Paris 17,287-527-3932
379,Adolphe,McKee,amckeeai@cnet.com,Male,Dasha,479-965-2964
380,Lemmie,Probet,lprobetaj@apache.org,Male,Buckland,749-936-8883
381,Doris,Lomond,dlomondak@amazon.co.jp,Female,Yanghou,109-320-0624
382,Marcos,Zanetti,mzanettial@cbsnews.com,Male,Dondon,802-974-1180
383,Steven,MacGauhy,smacgauhyam@hao123.com,Male,Dulce Nombre de Culmí,383-290-4216
384,Husain,Kunkler,hkunkleran@nba.com,Male,Pointe-à-Pitre,686-188-8632
385,Scotty,MacEllen,smacellenao@usa.gov,Male,Kalāleh,226-168-8235
386,Pieter,Pulver,ppulverap@devhub.com,Male,Marigot,502-449-3714
387,Gustavus,Clemenson,gclemensonaq@webmd.com,Male,Bakungan,223-306-2838
388,Ainslie,Cothey,acotheyar@unesco.org,Female,Tennō,372-312-4634
389,Trisha,Hulks,thulksas@cnn.com,Female,Jejkowice,113-195-4727
390,Amery,Laffan,alaffanat@liveinternet.ru,Male,Mayisad,595-845-0722
391,Lona,Hencke,lhenckeau@yahoo.co.jp,Female,Isiolo,583-379-4411
392,Ilysa,Baudouin,ibaudouinav@va.gov,Female,Dalongtan,422-444-1819
393,Itch,Webborn,iwebbornaw@engadget.com,Male,El Puente,757-255-4921
394,Cyrille,Ebbrell,cebbrellax@intel.com,Male,Donglai,655-726-0415
395,Andy,Crossingham,acrossinghamay@ibm.com,Male,Luopioinen,206-642-9744
396,Ash,Kroch,akrochaz@yale.edu,Male,Glad,756-311-5585
397,Micky,Crannage,mcrannageb0@samsung.com,Female,Marxog,289-538-1262
398,Nowell,Simioni,nsimionib1@hud.gov,Male,Omuo-Ekiti,903-934-3882
399,Bert,Lumly,blumlyb2@dagondesign.com,Male,San Ignacio,188-718-3230
400,Annetta,Skipsea,askipseab3@newsvine.com,Female,Chornyanka,761-916-7030
401,Daryle,Matteoni,dmatteonib4@newsvine.com,Male,Bueng Khong Long,540-710-3402
402,Drew,Hitzmann,dhitzmannb5@redcross.org,Male,Nong Hin,839-217-0203
403,Udale,Kollas,ukollasb6@ted.com,Male,Maiorca,908-163-0893
404,Nessie,MacCall,nmaccallb7@nifty.com,Female,Seso,896-880-6846
405,Ignaz,Honisch,ihonischb8@chron.com,Bigender,Kilkenny,395-111-9859
406,Keelby,Choudhury,kchoudhuryb9@live.com,Male,Mzuzu,113-206-6790
407,Dreddy,Anslow,danslowba@pen.io,Polygender,Ning’an,913-799-0570
408,Reynolds,Heino,rheinobb@wikimedia.org,Male,Wisznice,234-282-7295
409,Reynold,Stoppard,rstoppardbc@sourceforge.net,Male,Phayuha Khiri,764-711-3448
410,Eduino,Tute,etutebd@ftc.gov,Male,Piastów,156-135-8136
411,Deana,Andreopolos,dandreopolosbe@technorati.com,Female,Gayabaru,571-595-9047
412,Dominik,Tabary,dtabarybf@privacy.gov.au,Male,Santa Ana,714-867-5184
413,Esme,Thring,ethringbg@irs.gov,Male,Baklashi,544-361-1759
414,Aaron,Lethem,alethembh@unesco.org,Male,Maddarulug Norte,676-153-7590
415,Phillip,Chotty,pchottybi@shop-pro.jp,Male,Seka,727-191-4930
416,Duff,Oates,doatesbj@ft.com,Male,Bajo Pichanaqui,807-997-5543
417,Thebault,Dibnah,tdibnahbk@state.tx.us,Male,Zwolle,706-426-7764
418,Kelly,Bragger,kbraggerbl@wisc.edu,Female,Montpellier,204-286-5604
419,Foss,O'Dwyer,fodwyerbm@i2i.jp,Male,Xianqiao,601-680-8160
420,Cam,Jepps,cjeppsbn@jugem.jp,Male,Nghĩa Hành,591-935-7607
421,Locke,Brogiotti,lbrogiottibo@last.fm,Male,El Socorro,831-482-4403
422,Zarla,Cornels,zcornelsbp@washingtonpost.com,Genderfluid,Argelia,758-580-4131
423,Susanne,Scottrell,sscottrellbq@un.org,Female,Piedra Blanca,324-415-4062
424,Margeaux,Golby,mgolbybr@youku.com,Female,Wotsogo,872-623-6723
425,Karena,Mozzi,kmozzibs@thetimes.co.uk,Female,Tawangsari,828-213-9821
426,Alvy,Berryann,aberryannbt@google.ca,Male,Tartaro,708-697-9881
427,Eunice,Okenden,eokendenbu@skype.com,Female,La Palma,363-893-1812
428,Sigismundo,Benedek,sbenedekbv@ask.com,Male,Taipingguan,213-915-4856
429,Leslie,Dyneley,ldyneleybw@si.edu,Male,Rodolívos,972-267-5241
430,Milli,Drissell,mdrissellbx@opensource.org,Female,Simrishamn,782-352-4975
431,Faythe,Boddymead,fboddymeadby@fema.gov,Female,Zhamog,204-375-9118
432,Drucy,Iannazzi,diannazzibz@salon.com,Female,Tanjung Palas,557-575-1308
433,Nowell,Stanyan,nstanyanc0@redcross.org,Male,Ambian,856-827-6806
434,Riki,Parkyn,rparkync1@yahoo.com,Female,Cali,464-180-2783
435,Granny,Ashfield,gashfieldc2@wsj.com,Male,Sidaraja,352-967-4509
436,Jerrold,McCrohon,jmccrohonc3@wp.com,Male,Cahuanuyo,924-225-1597
437,Dexter,Perche,dperchec4@yolasite.com,Male,Sabana Grande de Palenque,351-530-5654
438,Durante,Steenson,dsteensonc5@newsvine.com,Male,Tourcoing,788-967-5016
439,Meggie,Blew,mblewc6@ovh.net,Female,Newton,117-657-1660
440,Brucie,Aveling,bavelingc7@reuters.com,Male,Byahoml’,174-305-4138
441,Dorian,Beauchamp,dbeauchampc8@dropbox.com,Male,Tissa,863-697-5461
442,Zitella,Mowsdell,zmowsdellc9@webeden.co.uk,Female,Wushi,349-126-1171
443,Annmarie,Watton,awattonca@hubpages.com,Female,Huangge,289-337-9951
444,Leela,Bartel,lbartelcb@networkadvertising.org,Female,Enyerhyetykaw,511-325-5121
445,Patten,Templman,ptemplmancc@naver.com,Male,Baoshan,831-618-9577
446,Edin,Limpricht,elimprichtcd@cbc.ca,Female,Cheonan,148-976-2425
447,Bobbe,Kiebes,bkiebesce@bloomberg.com,Female,Longhu,634-875-2699
448,Gabby,Sexti,gsexticf@devhub.com,Male,El Playón,392-907-7319
449,Drusi,Naismith,dnaismithcg@xinhuanet.com,Polygender,Rochester,585-988-6440
450,Kirbie,Landre,klandrech@4shared.com,Female,Xinshancun,106-216-9175
451,Daisi,Black,dblackci@google.nl,Female,Surenavan,180-274-0608
452,Nate,De Mitris,ndemitriscj@craigslist.org,Male,Toroy,278-140-1468
453,Simona,Blinerman,sblinermanck@mediafire.com,Female,Hŭngju-dong,837-810-4396
454,Berna,Tort,btortcl@jalbum.net,Female,Yanqi,776-145-6293
455,Neile,Cornish,ncornishcm@imgur.com,Female,Debrecen,980-749-6720
456,Reid,McKinnell,rmckinnellcn@symantec.com,Male,Akhtopol,279-753-8934
457,Jeramey,Christophersen,jchristophersenco@mozilla.org,Male,Tiel,101-563-8052
458,Casper,Humbee,chumbeecp@pcworld.com,Male,Quinjalca,865-687-0716
459,Erina,Gallatly,egallatlycq@timesonline.co.uk,Female,Maia,712-136-8261
460,Evvy,Shirer,eshirercr@nytimes.com,Female,Liurenba,925-203-1770
461,Pace,Mocquer,pmocquercs@independent.co.uk,Male,Wonosobo,748-398-5954
462,Edwin,Basham,ebashamct@purevolume.com,Male,Topol’noye,154-496-0721
463,Milli,Adamkiewicz,madamkiewiczcu@usa.gov,Female,Depapre,761-717-9172
464,Thorndike,Gameson,tgamesoncv@google.de,Male,Huddinge,308-297-9507
465,Raffarty,Lockwood,rlockwoodcw@ebay.com,Male,Dongjie,288-427-8292
466,Linell,Godier,lgodiercx@hugedomains.com,Female,Mora,605-183-4381
467,Shauna,Colnett,scolnettcy@delicious.com,Genderqueer,Wuli,136-646-8871
468,Meade,Harpham,mharphamcz@marriott.com,Male,Longshe,451-419-5264
469,Jdavie,Screach,jscreachd0@pcworld.com,Male,San Antonio,210-709-2496
470,Candie,Grimster,cgrimsterd1@microsoft.com,Female,Brahin,821-822-4153
471,Brig,Kassman,bkassmand2@surveymonkey.com,Male,Wichian Buri,936-676-9710
472,Amabelle,Papaccio,apapacciod3@about.com,Female,Qaşr al Farāfirah,599-385-7556
473,Lillian,Ranby,lranbyd4@java.com,Female,Baraguá,329-359-2638
474,Kathe,Donaho,kdonahod5@1688.com,Female,Whittlesea,350-495-0504
475,Dorry,Deverell,ddeverelld6@imgur.com,Female,Wakaseko,421-512-8301
476,Neda,Jiroutka,njiroutkad7@blog.com,Female,Klyetsk,498-656-9636
477,Daffy,Sevitt,dsevittd8@reference.com,Genderfluid,Cruz das Almas,889-769-3985
478,Dolly,Bourthoumieux,dbourthoumieuxd9@chicagotribune.com,Female,San Luis,722-374-7970
479,Flynn,O'Ruane,foruaneda@so-net.ne.jp,Male,Al Wāsiţah,297-740-3752
480,Morry,Rohlf,mrohlfdb@ustream.tv,Male,Guozhuang,474-449-3083
481,Rafaela,Island,rislanddc@pcworld.com,Female,Tilmi,440-810-3626
482,Aloysia,Size,asizedd@jimdo.com,Female,Novohrad-Volyns’kyy,768-726-5753
483,Flossy,Goodin,fgoodinde@dailymotion.com,Female,Yuxi,822-545-9175
484,Renelle,Billinge,rbillingedf@cbsnews.com,Female,Sidayu,594-953-7940
485,Kerianne,Govett,kgovettdg@about.me,Female,Kavallári,201-901-8928
486,Ronna,Lurner,rlurnerdh@tiny.cc,Female,Santa Monica,310-613-3005
487,Augusto,Trustie,atrustiedi@facebook.com,Male,Haikou,325-221-9562
488,Murvyn,Neve,mnevedj@wikipedia.org,Male,General La Madrid,564-377-6866
489,Robinett,Margerison,rmargerisondk@alexa.com,Female,Zheng’an,403-952-7379
490,Rachael,Oehm,roehmdl@kickstarter.com,Agender,Taboão da Serra,791-850-7257
491,Horatius,Mival,hmivaldm@blog.com,Male,Cilangkap,997-936-2822
492,Edik,Reece,ereecedn@google.com.hk,Male,Zbrosławice,640-187-1413
493,Lissi,Vain,lvaindo@netlog.com,Female,Ágios Geórgios,440-792-0155
494,Ursa,Malmar,umalmardp@psu.edu,Female,Písečná,282-743-5898
495,Byrann,Mellsop,bmellsopdq@g.co,Male,Gevgelija,878-167-5170
496,Kerby,Deave,kdeavedr@guardian.co.uk,Male,Lipovljani,587-906-9980
497,Gwyn,Corness,gcornessds@disqus.com,Female,Pingpo,226-344-0649
498,Rufus,Head,rheaddt@loc.gov,Male,Yên Bái,749-711-4819
499,Elsie,Gryglewski,egryglewskidu@abc.net.au,Female,Bugojno,195-393-9736
500,John,Beausang,jbeausangdv@house.gov,Male,Pereira,466-841-4098
501,Meade,Ovendale,movendaledw@who.int,Female,Irupi,193-771-0824
502,Ambrosius,Bywaters,abywatersdx@nymag.com,Male,Rondonópolis,785-177-2611
503,Phillipe,Kock,pkockdy@mapy.cz,Male,Malahide,629-567-4053
504,Greg,Diegan,gdiegandz@netlog.com,Male,Youludu Sibage,342-143-0200
505,Raynard,Allbrook,rallbrooke0@i2i.jp,Male,La Cruz,490-671-8597
506,Aldin,Cheetham,acheethame1@rediff.com,Male,Long Hồ,400-630-5307
507,Collette,Tooley,ctooleye2@hp.com,Female,Laguna de Perlas,384-712-5935
508,Madelene,Lehr,mlehre3@wikimedia.org,Genderqueer,Qingxi,432-727-8551
509,Sari,Lowrance,slowrancee4@pcworld.com,Female,Zaniemyśl,761-157-8245
510,Kial,Gillise,kgillisee5@networkadvertising.org,Female,Huangascar,786-600-3068
511,Wallis,Welchman,wwelchmane6@cnet.com,Female,Shorapani,354-767-7571
512,Frayda,Ingolotti,fingolottie7@theglobeandmail.com,Female,Dabu,322-619-1082
513,Cyrillus,Pencost,cpencoste8@wikipedia.org,Male,Lingquan,774-835-2076
514,Calli,Dalton,cdaltone9@amazonaws.com,Female,Wilczyce,912-629-8312
515,Christean,Laytham,claythamea@reddit.com,Female,Jedung,874-734-9777
516,Bernelle,Caughan,bcaughaneb@w3.org,Female,Verblyany,955-981-5410
517,Charmian,McWhorter,cmcwhorterec@bloglovin.com,Female,Lens,660-704-5758
518,Ralph,Ternott,rternotted@sbwire.com,Polygender,Tajinan,868-212-1173
519,Christan,Marthen,cmarthenee@bbc.co.uk,Female,Aydūn,227-816-3333
520,Kenny,Ridgedell,kridgedellef@twitpic.com,Male,Matang,171-211-3192
521,Konstanze,Forrest,kforresteg@wix.com,Female,Líbano,430-221-0802
522,Charis,Shyres,cshyreseh@mysql.com,Female,Peuhaq,160-760-2454
523,Rayna,Shingfield,rshingfieldei@adobe.com,Female,Sydney,866-902-4234
524,Nertie,Moutray Read,nmoutrayreadej@multiply.com,Female,Inuvik,721-857-7270
525,Karolina,Colaton,kcolatonek@mozilla.com,Female,Kabir,963-754-1549
526,Merissa,Micka,mmickael@auda.org.au,Female,Xiali,848-746-6847
527,Ginnifer,Gentle,ggentleem@webeden.co.uk,Female,Nova Varoš,175-502-5441
528,Lesley,Stoves,lstovesen@cloudflare.com,Male,Shal’skiy,355-524-9384
529,Rubie,Waterfield,rwaterfieldeo@fema.gov,Female,Mỏ Cày,765-110-7081
530,Leonie,Habercham,lhaberchamep@fc2.com,Female,Vlachovo Březí,509-467-2257
531,Carolan,Tchir,ctchireq@goo.gl,Female,Ruen,674-244-5500
532,Selina,Sadlier,ssadlierer@g.co,Agender,Toila,671-146-6488
533,Tim,Brennand,tbrennandes@instagram.com,Male,Brańsk,589-357-3171
534,Poul,Dodson,pdodsonet@slashdot.org,Male,Rozivka,384-930-8455
535,Georas,Guiton,gguitoneu@flickr.com,Male,Hexi,954-344-2951
536,Cesar,Dumingo,cdumingoev@nationalgeographic.com,Genderqueer,Darhan,176-516-2841
537,Welsh,Battabee,wbattabeeew@google.de,Male,Karantaba,810-786-5263
538,Robbert,McRavey,rmcraveyex@nature.com,Male,Pinggirsari,397-758-3224
539,Rosamund,Braikenridge,rbraikenridgeey@spiegel.de,Female,Ruo,959-985-9736
540,Kary,Phibb,kphibbez@reuters.com,Female,Tagbilaran City,298-711-3885
541,Joel,Grundy,jgrundyf0@timesonline.co.uk,Male,Bogolyubovo,350-900-6760
542,Judas,Beeze,jbeezef1@ox.ac.uk,Male,Qīr Moāv,705-867-6980
543,Myrlene,Ivison,mivisonf2@weather.com,Female,Raojān,165-860-2285
544,Binnie,Branney,bbranneyf3@alexa.com,Female,Fenghui,953-392-6513
545,Gerry,Roskrug,groskrugf4@wikia.com,Male,Trakai,788-380-6420
546,Zaccaria,Weiser,zweiserf5@spotify.com,Male,São Miguel de Machede,365-845-8531
547,Kelley,Avent,kaventf6@tinyurl.com,Male,Khorixas,101-173-6200
548,Guilbert,Troak,gtroakf7@baidu.com,Male,Nglego,515-566-2996
549,Kris,Goreisr,kgoreisrf8@sakura.ne.jp,Agender,Jiaowei,472-522-5853
550,Grata,Jephson,gjephsonf9@apple.com,Female,Al Maḩfid,546-593-0448
551,Winfield,Pothergill,wpothergillfa@people.com.cn,Male,Hernando,398-967-9282
552,Wileen,Yusupov,wyusupovfb@over-blog.com,Female,Sokółka,123-959-1640
553,Kleon,Caudrey,kcaudreyfc@globo.com,Male,Kanoni,752-741-4848
554,Sacha,Neat,sneatfd@ca.gov,Female,Maco,867-691-3798
555,Enrica,Highnam,ehighnamfe@amazon.com,Female,Liopétri,541-478-8928
556,Sanson,Lipson,slipsonff@mashable.com,Male,Longwei,263-815-0127
557,Julissa,Westhofer,jwesthoferfg@abc.net.au,Female,Gunungmenang,487-926-0916
558,Wells,Stachini,wstachinifh@soundcloud.com,Male,Mwinilunga,613-983-6029
559,Arnaldo,Griswaite,agriswaitefi@tripadvisor.com,Male,White Rock,879-255-4826
560,Jake,Arminger,jarmingerfj@oaic.gov.au,Male,Cigemlong,733-209-8474
561,Sammy,Wilding,swildingfk@discovery.com,Female,Dire Dawa,458-661-8210
562,Kellen,Gerault,kgeraultfl@digg.com,Male,Soio,715-765-0753
563,Kitti,Best,kbestfm@bigcartel.com,Polygender,Arroio Grande,281-740-2945
564,Borden,Tillerton,btillertonfn@zdnet.com,Male,Dongjin,534-643-7936
565,Emmet,Collete,ecolletefo@cbc.ca,Male,Alvega,103-234-0706
566,Charlie,Dannatt,cdannattfp@ucoz.com,Male,Xiayang,154-187-8297
567,Ashbey,Tooting,atootingfq@bravesites.com,Male,Harrison Brook,335-219-9311
568,Janey,Byway,jbywayfr@fc2.com,Female,Cavadas,543-282-6355
569,Charlena,Viccars,cviccarsfs@java.com,Female,Plagiári,110-680-3057
570,Tadeo,Ainsley,tainsleyft@bbb.org,Male,Winter Haven,863-952-8260
571,Jewell,Ridpath,jridpathfu@time.com,Female,Jinja,976-545-2882
572,Kory,Yakobovitz,kyakobovitzfv@linkedin.com,Male,Hexi,195-706-4101
573,Georges,McKinie,gmckiniefw@nifty.com,Male,Barranca,788-148-6785
574,Harriot,Cullin,hcullinfx@t-online.de,Female,Leran Kulon,621-559-7149
575,Sibella,Tockell,stockellfy@time.com,Female,Paris 02,638-651-4680
576,Fifi,Boal,fboalfz@who.int,Female,Saint-Dizier,935-847-0904
577,Addy,Dearlove,adearloveg0@hexun.com,Female,Daping,788-225-8293
578,Bax,Schofield,bschofieldg1@plala.or.jp,Male,Laocheng,590-846-7396
579,Bryn,Ferrant,bferrantg2@wikimedia.org,Female,Qo’ng’irot Shahri,171-414-9374
580,Lucho,Kleynermans,lkleynermansg3@ucoz.com,Genderfluid,Bandjoun,863-451-2322
581,Ivor,Colbran,icolbrang4@noaa.gov,Male,Pākpattan,918-861-6768
582,Frederigo,Mugridge,fmugridgeg5@1688.com,Bigender,Monte Branco,100-977-9286
583,Aila,Degoey,adegoeyg6@lulu.com,Female,Tuapse,857-166-2915
584,Nickey,O'Riordan,noriordang7@webmd.com,Male,Pringgoboyo,177-944-2958
585,Shane,Varnam,svarnamg8@twitpic.com,Male,Dagur,489-798-5888
586,Anica,Gonsalo,agonsalog9@dmoz.org,Female,Arish,531-921-4488
587,Eugenia,Probey,eprobeyga@arizona.edu,Female,Borås,726-191-3676
588,Garreth,Merrell,gmerrellgb@pcworld.com,Male,Nakhon Luang,909-611-0173
589,Marcella,Brighouse,mbrighousegc@spiegel.de,Female,Österbybruk,871-508-0516
590,Cornall,Kale,ckalegd@amazon.com,Bigender,Dayuan,495-230-3667
591,Livvie,Simonich,lsimonichge@google.com,Female,Kyela,743-675-6887
592,Jerrie,Verey,jvereygf@comcast.net,Female,Zhongchuan,229-890-7835
593,Emmery,Struan,estruangg@earthlink.net,Male,Suizhou,959-770-2685
594,Thorndike,Richen,trichengh@bing.com,Male,Tengrela,157-761-9070
595,Samson,Perch,sperchgi@parallels.com,Male,Zaraysk,544-185-2957
596,Hilton,Jeeks,hjeeksgj@theglobeandmail.com,Male,Ozerne,821-445-2913
597,Nikkie,Alwen,nalwengk@tuttocitta.it,Female,Zabaykal’sk,964-345-4848
598,Florina,Bussy,fbussygl@usa.gov,Female,Federal,367-461-4445
599,Giacopo,Gudgion,ggudgiongm@amazon.com,Male,Czudec,443-991-6438
600,Dolly,Wilson,dwilsongn@marketwatch.com,Female,Paris 17,799-307-8756
601,Launce,Ibbitson,libbitsongo@blinklist.com,Male,Wapno,961-481-2110
602,Roxanna,McGaugey,rmcgaugeygp@blogs.com,Female,Ciénaga,121-629-0242
603,Daile,Wasmuth,dwasmuthgq@flavors.me,Female,Mount Pearl,872-448-1853
604,Fremont,Tremaine,ftremainegr@google.com,Male,Gravatá,831-901-4423
605,Tynan,Heffer,theffergs@comsenz.com,Male,San Rafael,183-809-8220
606,Eryn,Tidswell,etidswellgt@ucla.edu,Female,Itambacuri,894-399-4717
607,Ewell,Ballston,eballstongu@ox.ac.uk,Male,Zhuhu,335-334-1282
608,Moira,Waszczyk,mwaszczykgv@ucoz.ru,Female,Yinla,640-577-1525
609,Morton,Fettes,mfettesgw@qq.com,Bigender,Viekšniai,491-642-8900
610,Killie,Sorrill,ksorrillgx@yolasite.com,Bigender,Tyrawa Wołoska,738-666-0388
611,Andre,Suttling,asuttlinggy@ifeng.com,Male,Krajan Dua Patempuran,199-315-9828
612,Patin,Hackley,phackleygz@sogou.com,Male,Altanbulag,871-430-8028
613,Amos,Legonidec,alegonidech0@auda.org.au,Male,Xiashan,965-242-1226
614,Teresina,Cockhill,tcockhillh1@xrea.com,Female,Girey,971-737-7651
615,Ambros,Navaro,anavaroh2@bravesites.com,Male,Oguta,296-349-5034
616,Austin,MacKeeg,amackeegh3@bbc.co.uk,Male,Mogapi,314-710-7592
617,Arvie,Doudney,adoudneyh4@storify.com,Male,Ayagoz,854-512-4670
618,Amii,Segebrecht,asegebrechth5@bloomberg.com,Female,Shuangxiqiao,381-849-8999
619,Chaddy,Waple,cwapleh6@hud.gov,Male,Phatthaya,995-724-3680
620,Letitia,Pietzker,lpietzkerh7@nps.gov,Bigender,Langádhia,579-712-3743
621,Melonie,Freemantle,mfreemantleh8@delicious.com,Female,Lindi,130-833-0304
622,Isaac,Greenacre,igreenacreh9@blogtalkradio.com,Male,Sacotes,755-228-5394
623,Kynthia,Farnall,kfarnallha@sogou.com,Female,Rubik,987-237-2645
624,Dorice,Dwelley,ddwelleyhb@odnoklassniki.ru,Female,Wangping,344-331-5295
625,Thea,Wogden,twogdenhc@mysql.com,Female,Imrīsh,879-569-5953
626,Vaughan,McCracken,vmccrackenhd@ebay.co.uk,Male,Jayanca,780-432-2994
627,Corinne,Jordon,cjordonhe@walmart.com,Female,Kang,559-405-0818
628,Ric,Olohan,rolohanhf@ifeng.com,Polygender,Sukamantri Satu,135-802-7728
629,Jeniffer,Possel,jposselhg@businessinsider.com,Female,Panalo-on,207-521-7699
630,Hardy,Crockley,hcrockleyhh@cafepress.com,Male,Bronx,718-105-2245
631,Elinor,Dovidian,edovidianhi@last.fm,Female,Azul,567-945-8833
632,Charlotte,Halward,chalwardhj@webmd.com,Female,Jangas,934-767-7197
633,Booth,Gillitt,bgillitthk@sbwire.com,Male,Pringgoboyo,895-732-7896
634,Mord,Lambillion,mlambillionhl@wisc.edu,Male,La Sebala du Mornag,247-488-2846
635,Marlee,Serjeantson,mserjeantsonhm@so-net.ne.jp,Female,Langtad,507-227-6910
636,Shandie,O'Brollachain,sobrollachainhn@blog.com,Female,Siva,872-739-4716
637,Horacio,Easson,heassonho@europa.eu,Male,Gandiaye,382-672-3070
638,Becky,Birdsey,bbirdseyhp@digg.com,Female,Xin’an,123-773-1953
639,Wendy,Armin,warminhq@admin.ch,Female,Yingde’er,863-184-9300
640,Cull,Ayscough,cayscoughhr@blog.com,Male,Le Havre,975-253-1891
641,Lamar,Icom,licomhs@china.com.cn,Non-binary,Yovon,953-560-6272
642,Tanhya,Foulds,tfouldsht@answers.com,Female,Göteborg,965-678-6962
643,Vail,Larrosa,vlarrosahu@latimes.com,Male,Zahlé,602-625-5781
644,Demetris,Kealy,dkealyhv@amazon.de,Female,Krajan Srigonco,577-356-9744
645,Modestine,Gingedale,mgingedalehw@dailymail.co.uk,Female,Talambung Laok,726-486-6949
646,Sarine,Roddy,sroddyhx@yolasite.com,Female,Baikui,765-688-0645
647,Boniface,Vile,bvilehy@about.com,Male,Petit Raffray,283-377-1176
648,Crawford,Riggeard,criggeardhz@com.com,Male,Siraway,858-105-0603
649,Kaine,Leakner,kleakneri0@barnesandnoble.com,Male,Tonggu,883-329-2940
650,Abigael,Sprade,aspradei1@com.com,Female,Xinglin,853-246-6398
651,Rurik,Meldon,rmeldoni2@smh.com.au,Male,Wuluo,470-347-0960
652,Hill,Fallanche,hfallanchei3@themeforest.net,Male,Dunkerque,890-746-4669
653,Inga,Andreu,iandreui4@prlog.org,Female,Smętowo Graniczne,649-788-9112
654,Hyacintha,Brosenius,hbroseniusi5@newsvine.com,Female,Khadīr,976-545-5526
655,Cullin,Hanne,channei6@tripod.com,Male,Linxi,651-359-0122
656,Ingemar,Grzegorczyk,igrzegorczyki7@skyrock.com,Male,Beja,456-354-9607
657,Clarette,Gepson,cgepsoni8@paginegialle.it,Polygender,Novopokrovskaya,905-569-1681
658,Gun,Kerss,gkerssi9@tripadvisor.com,Male,Santiaoshi,425-905-3334
659,Kean,MacKeague,kmackeagueia@deliciousdays.com,Male,Tandag,679-224-5012
660,Solomon,Reeday,sreedayib@dropbox.com,Male,Xiaoyang,582-589-0390
661,Gare,Decourt,gdecourtic@live.com,Male,Kifrī,890-152-6001
662,Alain,Brockton,abrocktonid@tinypic.com,Male,Pasarnangka,785-341-3622
663,Noak,Othen,nothenie@csmonitor.com,Male,Neftekamsk,597-604-4309
664,Papageno,Yeowell,pyeowellif@homestead.com,Male,Candon,938-919-6940
665,Leonerd,Roddick,lroddickig@networkadvertising.org,Genderfluid,Orleans,505-539-6982
666,Domini,Ducker,dduckerih@sitemeter.com,Female,Namyangju,579-723-2694
667,Heinrik,Gracewood,hgracewoodii@csmonitor.com,Male,Huanggangshan,970-674-4550
668,Rosamond,Halwell,rhalwellij@odnoklassniki.ru,Female,Białaczów,736-250-0676
669,Had,Kilmartin,hkilmartinik@telegraph.co.uk,Male,Shadili,282-462-2868
670,Vernon,Ferandez,vferandezil@php.net,Male,Frederiksberg,790-754-0911
671,Joe,Canadas,jcanadasim@cnn.com,Male,Nandong,780-802-3972
672,Robb,Matyja,rmatyjain@weibo.com,Male,Podwilk,359-127-5300
673,Stevana,Dyble,sdybleio@virginia.edu,Female,Baiguo,631-395-9308
674,Ainslee,Yewdell,ayewdellip@goodreads.com,Female,Punta Arenas,744-504-3315
675,Maryl,Sealand,msealandiq@gov.uk,Non-binary,Irasan,355-925-2280
676,Bondy,Addis,baddisir@microsoft.com,Male,Sali,988-429-5256
677,Fonsie,Sarfass,fsarfassis@state.tx.us,Male,Pentéli,477-916-7415
678,Kristoforo,Catmull,kcatmullit@netlog.com,Male,Gunziying,614-715-5890
679,Modestine,Land,mlandiu@topsy.com,Female,Muzi,318-846-4258
680,Jennee,Meritt,jmerittiv@sourceforge.net,Female,Irákleion,102-983-5570
681,Raeann,Melarkey,rmelarkeyiw@jiathis.com,Female,Xiping,418-388-7699
682,Dennis,Stanyland,dstanylandix@gov.uk,Male,Fermelã,658-152-9496
683,Georgetta,Mountney,gmountneyiy@theatlantic.com,Female,Luzon,166-547-8292
684,Hermine,Hatchette,hhatchetteiz@cafepress.com,Female,Kushk,500-460-6405
685,Billie,Bayston,bbaystonj0@uiuc.edu,Female,Orléans,609-453-7047
686,Hoyt,Stook,hstookj1@clickbank.net,Male,Stockholm,109-251-3843
687,Florida,Lamswood,flamswoodj2@ezinearticles.com,Female,Tidaholm,253-764-7044
688,Ringo,Tennick,rtennickj3@msn.com,Male,Izvestkovyy,331-910-3285
689,Paulita,Calbrathe,pcalbrathej4@va.gov,Female,Midoun,226-714-4285
690,Roma,Smiley,rsmileyj5@marketwatch.com,Male,Wengyang,180-865-9013
691,Hewett,Rastall,hrastallj6@taobao.com,Male,Wates,938-111-9488
692,Franklyn,Favel,ffavelj7@w3.org,Male,Santa Catalina,716-517-3295
693,Thacher,Caspell,tcaspellj8@amazon.co.uk,Male,Tomé,526-865-9402
694,Scottie,Balmadier,sbalmadierj9@1und1.de,Genderfluid,Cabiguan,752-804-6470
695,Cissiee,Peever,cpeeverja@ebay.com,Genderfluid,Puerto Quijarro,424-594-4542
696,Ulla,Shotbolt,ushotboltjb@eepurl.com,Genderqueer,Zverevo,692-468-1783
697,Aviva,Millican,amillicanjc@opera.com,Female,Balboa,592-715-4965
698,Forest,Wherry,fwherryjd@tmall.com,Male,Bromma,688-369-6980
699,Serena,Jelk,sjelkje@springer.com,Female,Pousada,844-570-8859
700,Ignazio,Willerstone,iwillerstonejf@dropbox.com,Male,Maglajani,222-396-3381
701,Joanna,Keightley,jkeightleyjg@woothemes.com,Female,Teryayevo,840-902-0811
702,Wilmer,Straine,wstrainejh@businessinsider.com,Male,Beringinjaya,948-409-8511
703,Nicolea,Cowlard,ncowlardji@google.de,Non-binary,Kaliasin,118-591-7534
704,Keenan,Bosnell,kbosnelljj@cnn.com,Male,Bang Klam,250-382-8569
705,Vasilis,Searl,vsearljk@sohu.com,Male,Si Thep,264-843-7230
706,Huey,Stoven,hstovenjl@tinyurl.com,Male,Long Thành,857-702-2842
707,Glad,Boniface,gbonifacejm@zdnet.com,Agender,Popasna,994-532-5212
708,Alonzo,Dronsfield,adronsfieldjn@ftc.gov,Male,Pupiales,862-988-5378
709,Gipsy,Wankel,gwankeljo@oaic.gov.au,Female,Viçosa,419-666-7110
710,Evangeline,Barber,ebarberjp@nih.gov,Female,Gŭlŭbovo,316-869-8606
711,Gustaf,Seson,gsesonjq@e-recht24.de,Male,Lainqu,917-150-2207
712,Kris,Cereceres,kcereceresjr@engadget.com,Male,Tala,463-421-3555
713,Ivonne,Wastling,iwastlingjs@google.pl,Female,Hecheng,907-624-4634
714,Christin,Langford,clangfordjt@earthlink.net,Female,Jingzi,299-218-1911
715,Shurwood,Rilton,sriltonju@alibaba.com,Male,Jiangchang,225-713-2853
716,Rafa,Rumbellow,rrumbellowjv@last.fm,Female,Fanyang,861-121-1161
717,Emmye,Gunthorpe,egunthorpejw@bloglines.com,Non-binary,Kariaí,602-548-2938
718,Myrwyn,Lusty,mlustyjx@booking.com,Male,Pokhara,734-867-8836
719,Faun,Keningley,fkeningleyjy@fotki.com,Female,Sobotín,677-815-8698
720,Cazzie,Osgordby,cosgordbyjz@npr.org,Male,Jiuxian,453-969-4678
721,Lorita,Foux,lfouxk0@nbcnews.com,Female,Somdet,641-473-8480
722,Caresa,Haseldine,chaseldinek1@list-manage.com,Female,Villeneuve-sur-Lot,226-395-9562
723,Emmott,Hundal,ehundalk2@yellowbook.com,Male,Songgai,474-265-4078
724,Vinita,Petofi,vpetofik3@census.gov,Female,Cabinda,145-747-5831
725,Jenelle,Gjerde,jgjerdek4@stumbleupon.com,Female,Lugang,619-674-2550
726,Mahmud,Greve,mgrevek5@pinterest.com,Male,Mohoro,631-431-0096
727,Batholomew,Dance,bdancek6@dropbox.com,Male,Zhonghechang,145-943-3396
728,Filmer,Bernardy,fbernardyk7@sun.com,Male,Tyoply Stan,503-604-4023
729,Bevon,Eastmead,beastmeadk8@github.com,Male,Fukuchiyama,675-923-3368
730,Domenic,Rippingall,drippingallk9@sourceforge.net,Male,Liujiagou,122-136-6886
731,Brander,Fairman,bfairmanka@wunderground.com,Male,Banamba,284-856-0133
732,Delainey,Akeherst,dakeherstkb@sbwire.com,Male,Hrazdan,947-797-4225
733,Emmalyn,Womack,ewomackkc@fastcompany.com,Female,Bagumbayan,513-379-8371
734,Pascale,Doncaster,pdoncasterkd@auda.org.au,Non-binary,El Paso,915-915-8348
735,Claudine,Gronav,cgronavke@symantec.com,Female,Mlangali,996-453-8289
736,Joachim,Simka,jsimkakf@last.fm,Male,Vila Nova de Santo André,508-336-1863
737,Lonna,McCarrell,lmccarrellkg@cmu.edu,Female,Libochovice,125-772-5241
738,Cynthy,Bruckmann,cbruckmannkh@usnews.com,Non-binary,Trancas,943-999-7747
739,Patrizio,Gudgeon,pgudgeonki@va.gov,Male,Gangkoujie,883-212-4667
740,Guthrie,Luxen,gluxenkj@salon.com,Male,Khvalovo,255-364-2531
741,Delbert,Farlam,dfarlamkk@goo.ne.jp,Male,Chitose,389-600-8036
742,Cobbie,Litton,clittonkl@cbc.ca,Male,Yangdun,753-980-6319
743,Nadiya,Brader,nbraderkm@merriam-webster.com,Female,Huainan,204-681-2456
744,Mariann,Gaskin,mgaskinkn@economist.com,Female,Enschede,809-143-3185
745,Audy,Pollendine,apollendineko@hatena.ne.jp,Female,Sidi Yahya Ou Saad,153-843-3955
746,Geri,Antonich,gantonichkp@drupal.org,Male,Krajan Rowokangkung,172-494-7760
747,Christoph,Tweedie,ctweediekq@abc.net.au,Male,Sidaohezi,697-818-9006
748,Tessi,Jenyns,tjenynskr@si.edu,Female,Dicamay,580-653-4568
749,Nealson,Stammers,nstammersks@geocities.jp,Male,Longtang,564-488-0967
750,Willdon,Stanlick,wstanlickkt@topsy.com,Male,Chunoyar,376-254-2778
751,Rudolfo,Kilius,rkiliusku@princeton.edu,Genderfluid,Fort Liberté,761-687-5054
752,Jemmy,Iddens,jiddenskv@github.io,Female,Féres,142-581-4754
753,Addison,Allday,aalldaykw@over-blog.com,Male,Obrenovac,368-581-1075
754,Arney,Griffith,agriffithkx@yale.edu,Male,Kablukan,662-103-7498
755,Aimee,Bernard,abernardky@csmonitor.com,Female,Bojawa,878-162-3429
756,Maybelle,Cassely,mcasselykz@blogger.com,Female,Chenjiatan,271-599-9135
757,Tam,Stagg,tstaggl0@gmpg.org,Male,Nevel’,150-542-2116
758,Nels,Arnout,narnoutl1@uiuc.edu,Male,Gubat,574-781-5239
759,Jeffry,Loughton,jloughtonl2@umn.edu,Male,Raffingora,690-911-1999
760,Kipp,Wolfer,kwolferl3@ca.gov,Female,Puerto Berrío,196-453-2085
761,Jillane,Culley,jculleyl4@nbcnews.com,Female,Bieligutai,475-799-1481
762,Matelda,Nerval,mnervall5@wix.com,Female,Voskehask,121-818-1434
763,Misha,Wright,mwrightl6@desdev.cn,Female,Huilong,393-606-9626
764,Theo,Volant,tvolantl7@usda.gov,Male,Tbêng Méanchey,169-764-3080
765,Tabbie,Dyer,tdyerl8@csmonitor.com,Genderfluid,Zhaobaoshan,608-932-0966
766,Bail,O'Howbane,bohowbanel9@nymag.com,Male,Daixi,437-342-8385
767,Scottie,Ambrogioni,sambrogionila@desdev.cn,Male,Wuhao,928-424-1767
768,Anastassia,Rosenthaler,arosenthalerlb@shareasale.com,Female,Slavonice,784-800-8735
769,Ilene,Burnell,iburnelllc@elpais.com,Female,Caringin,533-542-3044
770,Leopold,Rumke,lrumkeld@un.org,Male,Namysłów,147-150-1001
771,Ellen,Heephy,eheephyle@tamu.edu,Female,Quartier Militaire,498-111-6959
772,Worden,Fitzer,wfitzerlf@msu.edu,Male,Wangtai,354-389-5704
773,Eran,Blackall,eblackalllg@ebay.co.uk,Bigender,Jawornik,933-703-1143
774,Margo,Kelway,mkelwaylh@xing.com,Polygender,Buenaventura,240-478-1018
775,Hadria,Stonall,hstonallli@amazon.co.jp,Female,Scottsdale,480-300-4513
776,Trudie,Jersch,tjerschlj@soundcloud.com,Female,Guangshan Chengguanzhen,711-190-0654
777,Bennett,Cheevers,bcheeverslk@about.me,Male,Antrukan,598-617-3110
778,Towney,Fellows,tfellowsll@51.la,Male,Bopu,836-193-0022
779,Pamella,Battelle,pbattellelm@opera.com,Female,Ylöjärvi,800-313-8881
780,Neilla,Woolvett,nwoolvettln@twitter.com,Female,Sarrat,711-510-8486
781,Georgie,Axel,gaxello@webeden.co.uk,Male,Strunino,429-762-2837
782,Darrel,Yven,dyvenlp@home.pl,Male,Igbeti,233-469-5578
783,Dahlia,Penton,dpentonlq@indiegogo.com,Female,Ludvika,199-349-3332
784,Clarissa,Message,cmessagelr@dmoz.org,Female,Evansville,812-137-3061
785,Shay,Feore,sfeorels@merriam-webster.com,Female,Qindu,293-997-4574
786,Sapphire,Di Lucia,sdilucialt@multiply.com,Female,Salyan,768-532-0768
787,Allene,Craven,acravenlu@auda.org.au,Female,Sydney,881-266-5305
788,Christan,Burridge,cburridgelv@webnode.com,Female,Kedungringin,564-139-1455
789,Faulkner,Leve,flevelw@bloglines.com,Male,Santa Justina,578-916-0231
790,Isaak,Pethick,ipethicklx@google.cn,Bigender,Xianxi,824-850-6544
791,Danika,Kubiczek,dkubiczekly@flickr.com,Female,Tigbao,634-462-6389
792,Jessika,Twatt,jtwattlz@un.org,Female,Balboa,638-752-4220
793,Merrily,Keats,mkeatsm0@washington.edu,Female,Linjiang,886-788-5951
794,Wendy,McQuilkin,wmcquilkinm1@addthis.com,Female,Tagana-an,824-179-0236
795,Ingeberg,Pilley,ipilleym2@senate.gov,Female,Kangar,694-313-5978
796,Mattias,Renish,mrenishm3@engadget.com,Male,Racine,262-307-4678
797,Claudette,Rawsthorne,crawsthornem4@independent.co.uk,Female,Kuching,121-374-8878
798,Ruperto,MacEvilly,rmacevillym5@admin.ch,Male,Julun,489-146-3098
799,Michel,Furzey,mfurzeym6@narod.ru,Male,Qi’an,627-544-5818
800,Amye,Fitchen,afitchenm7@sciencedaily.com,Female,Xuri,826-775-8076
801,Tatiana,Pauls,tpaulsm8@wikimedia.org,Female,Delaware,697-473-5939
802,Goddard,Franchyonok,gfranchyonokm9@netvibes.com,Male,Kajisara,301-722-9811
803,Mela,Tewkesbury.,mtewkesburyma@marketwatch.com,Polygender,Aripuanã,731-345-9041
804,Hedy,Gallyon,hgallyonmb@twitpic.com,Female,Melaka,870-585-9473
805,Joellyn,Markwell,jmarkwellmc@dropbox.com,Female,Müllendorf,799-681-1549
806,Salomo,Yallowley,syallowleymd@cocolog-nifty.com,Male,San Benito Abad,506-463-6583
807,Hillier,Ivannikov,hivannikovme@prnewswire.com,Male,La Victoria,370-719-0226
808,Jaine,Pillinger,jpillingermf@earthlink.net,Female,Caldas das Taipas,204-303-7350
809,Miguelita,Esson,messonmg@youtu.be,Female,Plumtree,295-527-1348
810,Filide,Carley,fcarleymh@nps.gov,Female,Lyeskawka,769-576-4840
811,Cal,Bernhard,cbernhardmi@cmu.edu,Female,Raheny,781-594-3057
812,Gan,Sallans,gsallansmj@scientificamerican.com,Male,Mandala,858-329-3047
813,Adelind,Sherringham,asherringhammk@foxnews.com,Female,Yezhu,393-947-5194
814,Misha,Landon,mlandonml@yolasite.com,Genderqueer,Zhujiachang,906-534-6348
815,Mandie,Glenfield,mglenfieldmm@vistaprint.com,Female,Yiliu,667-364-0476
816,Loree,Orring,lorringmn@discuz.net,Non-binary,Manadas,359-232-3545
817,Burty,Becket,bbecketmo@smh.com.au,Male,Jönköping,365-606-9537
818,Lorinda,Hallas,lhallasmp@sourceforge.net,Female,Taourirt,635-235-1530
819,Richmond,Melody,rmelodymq@tripadvisor.com,Male,Bánov,193-679-1903
820,Tamma,Lawie,tlawiemr@fema.gov,Genderfluid,Vilémov,811-376-9628
821,Adelaida,Laurenson,alaurensonms@psu.edu,Female,Jincun,325-496-5445
822,Gerald,Pickerell,gpickerellmt@ucoz.com,Male,Daulatpur,457-110-2952
823,Garnette,Prue,gpruemu@fastcompany.com,Female,Linköping,857-513-2965
824,Garvey,Studeart,gstudeartmv@rakuten.co.jp,Male,Erlangkou,468-523-6072
825,Zilvia,Fallawe,zfallawemw@fastcompany.com,Female,Karangmulyo,133-443-4884
826,Zola,Sealove,zsealovemx@gov.uk,Female,Madagali,591-792-1206
827,Ailey,Fraulo,afraulomy@ameblo.jp,Female,Tha Mai,900-338-4806
828,Ezekiel,Menere,emeneremz@feedburner.com,Male,Nancheng,136-665-9259
829,Lovell,Anand,lanandn0@blogspot.com,Male,Ageoshimo,316-348-2398
830,Cecily,Esh,ceshn1@foxnews.com,Non-binary,Cipari Satu,527-643-4844
831,Theobald,O'Hingerty,tohingertyn2@taobao.com,Polygender,Hejiang,472-329-6792
832,Donnajean,Kondratowicz,dkondratowiczn3@sfgate.com,Female,Stan-Bekhtemir,873-418-4251
833,Ernesta,Twigg,etwiggn4@hud.gov,Female,Popovice,866-973-7915
834,Jerrylee,Pendlenton,jpendlentonn5@newyorker.com,Female,Zaleszany,245-490-4135
835,Kim,Fitzsymon,kfitzsymonn6@cdc.gov,Male,Huanoquite,399-552-6649
836,Flor,Ludvigsen,fludvigsenn7@e-recht24.de,Female,Moutas,347-477-3573
837,Adi,Docwra,adocwran8@narod.ru,Bigender,Brodokalmak,584-282-9964
838,Manya,Tolmie,mtolmien9@unc.edu,Female,Binalbagan,140-181-4866
839,Raye,Aaronson,raaronsonna@reverbnation.com,Female,Pančevo,940-624-5571
840,Arel,Deboy,adeboynb@wikimedia.org,Male,Stoczek Łukowski,968-113-2230
841,Angelina,Parsall,aparsallnc@ed.gov,Female,Nam Phong,198-243-4676
842,Lem,Kunert,lkunertnd@networkadvertising.org,Male,Taloy,627-241-8740
843,Amalea,Rushforth,arushforthne@blogs.com,Female,Cachipay,699-711-9831
844,Alfredo,Walby,awalbynf@usnews.com,Male,Labog,842-342-2132
845,Kalinda,Keirle,kkeirleng@baidu.com,Non-binary,Skála,371-188-0066
846,Gayler,Goby,ggobynh@tiny.cc,Male,Bledzew,319-480-5134
847,Josi,Goucher,jgoucherni@senate.gov,Female,Aş Şalw,342-353-1907
848,Even,Skeech,eskeechnj@whitehouse.gov,Male,Rāvar,227-567-6825
849,Courtney,Olding,coldingnk@sun.com,Female,Cardona,661-882-3330
850,Vanya,Poure,vpourenl@kickstarter.com,Female,Shijia,671-525-6141
851,Benjamen,Abbado,babbadonm@csmonitor.com,Bigender,As Sālimīyah,962-748-8965
852,Glenine,McConachie,gmcconachienn@google.co.jp,Female,Lamduan,929-132-4643
853,Burr,Brunnstein,bbrunnsteinno@ask.com,Genderfluid,Oslo,340-537-7330
854,Davon,Paton,dpatonnp@skyrock.com,Male,Santiago Vázquez,860-584-9370
855,Abbey,McReidy,amcreidynq@unblog.fr,Genderfluid,Heshui,948-998-8808
856,Quinton,Smorfit,qsmorfitnr@nasa.gov,Bigender,Zipaquirá,353-746-6602
857,Karilynn,Costi,kcostins@arstechnica.com,Female,Pietà,222-613-8302
858,Jessa,Bingall,jbingallnt@infoseek.co.jp,Female,Guaçuí,297-638-5498
859,Joelynn,Tooley,jtooleynu@google.pl,Female,Privolzhskiy,478-479-0616
860,Alix,Redmille,aredmillenv@canalblog.com,Female,Situ,756-618-1291
861,Olivette,Colicot,ocolicotnw@washington.edu,Female,Liutan,311-838-2790
862,Bryon,Donnel,bdonnelnx@archive.org,Bigender,Batán,531-863-7865
863,Keefe,Tiddy,ktiddyny@symantec.com,Male,Pende,248-415-5489
864,Elka,Hakewell,ehakewellnz@go.com,Female,Anastácio,245-647-5717
865,Quint,Fackney,qfackneyo0@admin.ch,Male,Yangsan,431-665-6137
866,Legra,Baudins,lbaudinso1@shinystat.com,Female,Kadubadak,245-261-6465
867,Janot,Gorwood,jgorwoodo2@businessweek.com,Female,Qiziltepa Shahri,340-685-6122
868,Edin,De Blasio,edeblasioo3@nydailynews.com,Female,Sūq Sibāḩ,945-123-2592
869,Nobie,Farmar,nfarmaro4@jigsy.com,Male,Ivry-sur-Seine,834-224-2268
870,Sollie,Sawart,ssawarto5@digg.com,Male,Mysove,861-172-6010
871,Cacilie,Alleway,callewayo6@sakura.ne.jp,Non-binary,Maquanzhen,927-143-6874
872,Mathian,McRinn,mmcrinno7@businessinsider.com,Male,Pueai Noi,858-565-0990
873,Miguel,Gatheral,mgatheralo8@feedburner.com,Male,Ćmielów,184-631-7070
874,Rogers,O'Crotty,rocrottyo9@epa.gov,Male,El Hamma,834-630-9925
875,Erminia,Nulty,enultyoa@ow.ly,Female,Yaizu,242-542-4091
876,Dew,Goulston,dgoulstonob@twitpic.com,Male,Nogueira do Cravo,619-375-7799
877,Garrard,Mattersey,gmatterseyoc@jimdo.com,Male,Mkiriwadjumoi,490-973-2461
878,Dorie,Daughtery,ddaughteryod@prnewswire.com,Male,Pananaw,878-777-1656
879,Kirby,Tink,ktinkoe@symantec.com,Genderfluid,Gaotuan,140-507-3913
880,Dilly,Perse,dperseof@jalbum.net,Male,Thabazimbi,114-805-8702
881,Kamillah,Rowsell,krowsellog@chron.com,Female,Timaru,557-791-2886
882,Sharline,Walster,swalsteroh@clickbank.net,Genderfluid,Linköping,199-104-4002
883,Nealy,Fechnie,nfechnieoi@howstuffworks.com,Male,Kishkenekol’,287-411-4800
884,Harley,Elijah,helijahoj@ibm.com,Female,Quảng Yên,809-648-2284
885,Guglielmo,Danks,gdanksok@biblegateway.com,Male,Kitchener,803-645-1848
886,Vivyan,Merrington,vmerringtonol@list-manage.com,Female,Svalöv,845-963-9293
887,Udale,Castledine,ucastledineom@soup.io,Male,Kutacane,801-445-2652
888,Sheffie,Cottrell,scottrellon@php.net,Male,Litvínovice,268-869-5631
889,Ianthe,Capponeer,icapponeeroo@columbia.edu,Female,Shengli,963-638-5083
890,Elmer,Perigo,eperigoop@moonfruit.com,Male,Kapasan,622-301-6707
891,Lyndsay,Starr,lstarroq@archive.org,Genderfluid,Utsjoki,358-405-7425
892,Betta,Farman,bfarmanor@sitemeter.com,Female,Killumney,860-946-1593
893,Dale,Dugall,ddugallos@technorati.com,Male,Bamenda,864-978-6473
894,Alphonso,Lafee,alafeeot@salon.com,Male,Pohang,763-371-8914
895,Davis,Gaddesby,dgaddesbyou@upenn.edu,Male,Matsuyama,513-934-0611
896,Constantine,Wozencroft,cwozencroftov@pbs.org,Male,Puerto Deseado,466-942-9124
897,Cassie,Snelgrove,csnelgroveow@timesonline.co.uk,Female,Yingmaili,754-605-5359
898,Giuseppe,Nitti,gnittiox@github.io,Male,Yushugou,925-183-6000
899,Ewan,Eland,eelandoy@gnu.org,Male,Krajan Dua Putukrejo,413-464-6316
900,Reider,Fieldgate,rfieldgateoz@howstuffworks.com,Male,Lianyun,590-291-1338
901,Jack,Clemo,jclemop0@mediafire.com,Male,Hradec Králové,120-377-8158
902,Calypso,Asel,caselp1@nhs.uk,Female,Primorsko-Akhtarsk,913-622-2352
903,Winslow,Readwing,wreadwingp2@ning.com,Male,El Viejo,994-989-8087
904,Susana,Frankiewicz,sfrankiewiczp3@yahoo.co.jp,Bigender,Uzhhorod,235-102-5262
905,Gerald,Salmoni,gsalmonip4@51.la,Male,Honglu,734-651-3029
906,Kizzee,Baszkiewicz,kbaszkiewiczp5@ezinearticles.com,Female,Sonina,306-302-1008
907,Tildie,Beneix,tbeneixp6@themeforest.net,Female,Liuzuo,855-736-0124
908,Wyatt,Juniper,wjuniperp7@friendfeed.com,Male,Astromil,171-862-6365
909,Ailsun,Eton,aetonp8@cocolog-nifty.com,Female,Sali,441-625-0282
910,Colene,Fellow,cfellowp9@washingtonpost.com,Female,Hihyā,817-509-2844
911,Cindie,Binnie,cbinniepa@netlog.com,Female,Jiaokou,645-252-9257
912,Shoshanna,Biesterfeld,sbiesterfeldpb@acquirethisname.com,Female,Kembang,768-114-7865
913,Brit,Bohje,bbohjepc@wp.com,Male,Xiaogang,317-699-8140
914,Trumaine,Gotthard,tgotthardpd@alibaba.com,Male,Lopandino,611-616-8842
915,Nicholas,Pidgeley,npidgeleype@harvard.edu,Male,Pingdu,993-641-3843
916,Aeriell,Downage,adownagepf@facebook.com,Female,Lipa City,839-759-0211
917,Milissent,Gorick,mgorickpg@abc.net.au,Female,Takahata,195-530-0281
918,Stu,Hardbattle,shardbattleph@biglobe.ne.jp,Male,Laocheng,617-235-6024
919,Gilles,Udden,guddenpi@unesco.org,Male,Uppsala,235-381-8475
920,Randene,Ludron,rludronpj@yolasite.com,Female,Kushnarënkovo,243-559-0505
921,Mitzi,Gainsborough,mgainsboroughpk@ucla.edu,Agender,Savyntsi,408-120-5978
922,Tremayne,Cade,tcadepl@cloudflare.com,Male,Acharnés,149-685-2096
923,Karna,Pena,kpenapm@yahoo.co.jp,Female,New York City,212-158-1109
924,Chlo,Brunotti,cbrunottipn@netscape.com,Female,Huaxian,455-660-2068
925,Carey,Girard,cgirardpo@booking.com,Male,Shahumyan,892-304-6504
926,Val,Osmint,vosmintpp@dedecms.com,Male,Odrinhas,285-131-3882
927,Irene,Marple,imarplepq@google.it,Female,Chwaszczyno,832-742-0213
928,Alanah,Beamont,abeamontpr@posterous.com,Female,Pujiang,354-716-7715
929,Scottie,Langland,slanglandps@icio.us,Male,Bang Bo District,325-299-2917
930,Tony,Kleszinski,tkleszinskipt@myspace.com,Male,Melun,645-436-7063
931,Reidar,Knuckles,rknucklespu@wufoo.com,Male,Nice,718-581-2965
932,Aharon,Segoe,asegoepv@nasa.gov,Genderfluid,Thākurgaon,525-188-0452
933,Quent,Petrolli,qpetrollipw@hatena.ne.jp,Genderqueer,Vilhelmina,195-435-2870
934,Petunia,Dauber,pdauberpx@networkadvertising.org,Genderfluid,Nagrog,652-153-1737
935,Mandie,Keppe,mkeppepy@cargocollective.com,Female,Tanghua,129-542-3347
936,Any,Skatcher,askatcherpz@mysql.com,Male,Pacaycasa,998-141-6974
937,Farica,Eteen,feteenq0@seattletimes.com,Female,Río de Oro,117-605-6553
938,Banky,Mallall,bmallallq1@skyrock.com,Male,Dijon,455-740-7718
939,Lemmy,Davidovitch,ldavidovitchq2@tripadvisor.com,Male,Sanshan,384-568-0269
940,Cass,Crebott,ccrebottq3@wikispaces.com,Female,Jongorsari,811-550-9054
941,Lucille,Muirhead,lmuirheadq4@huffingtonpost.com,Female,San Vicente,903-687-5327
942,Xenia,McCalister,xmccalisterq5@mlb.com,Female,Bunol,467-173-0488
943,Zora,Lithcow,zlithcowq6@census.gov,Female,Domašinec,165-545-6894
944,Joellyn,Sked,jskedq7@sina.com.cn,Female,Nordeste,694-306-8622
945,Wallie,Grzelczak,wgrzelczakq8@harvard.edu,Female,Novouzensk,487-103-1389
946,Cornie,Magor,cmagorq9@cmu.edu,Genderfluid,Khamis Mushait,874-698-8338
947,Lowell,Spinley,lspinleyqa@ihg.com,Male,Charikar,996-449-7653
948,Eadmund,Kenningham,ekenninghamqb@tripod.com,Male,Necoclí,230-446-3236
949,Jeana,Simnor,jsimnorqc@weebly.com,Female,Kukur,590-957-1386
950,Blondelle,Wooton,bwootonqd@redcross.org,Female,Malusay,334-952-7824
951,Normy,Binnion,nbinnionqe@bandcamp.com,Male,Thung Khru,411-473-2203
952,Tanya,Veschambre,tveschambreqf@imgur.com,Female,Louguan,422-396-3619
953,Tracey,Mullord,tmullordqg@salon.com,Female,Hovězí,424-535-8094
954,Hiram,Box,hboxqh@domainmarket.com,Male,Gandara,887-456-3767
955,Jeramey,Dod,jdodqi@ucla.edu,Male,Lysyanka,288-127-3143
956,Tobit,Matusson,tmatussonqj@alexa.com,Male,Houzhai,469-714-7744
957,Isadore,Garling,igarlingqk@sphinn.com,Male,Parigi,929-627-6824
958,Alford,Robiot,arobiotql@jimdo.com,Male,Vityazevo,157-200-4282
959,Clemence,Hutt,chuttqm@sfgate.com,Female,Portland,208-495-0214
960,Briant,Olpin,bolpinqn@gmpg.org,Male,Västerås,593-847-5362
961,Marj,Boustred,mboustredqo@ow.ly,Female,Yamrat,156-123-4738
962,Ive,Freear,ifreearqp@washingtonpost.com,Male,Árta,858-746-7516
963,Margarethe,Haseman,mhasemanqq@dagondesign.com,Female,Bulo,381-530-8771
964,Andreas,Brookton,abrooktonqr@woothemes.com,Male,Banjar Penyalin,764-581-7825
965,Elaina,Atwel,eatwelqs@phoca.cz,Female,Marne-la-Vallée,309-227-2831
966,Scarlett,Noot,snootqt@rakuten.co.jp,Female,Gornyy,164-155-3058
967,Sileas,Wilkes,swilkesqu@census.gov,Female,Itapecerica da Serra,534-225-3697
968,Linette,Larkin,llarkinqv@hao123.com,Female,Wufeng,712-604-2189
969,Imelda,Dinse,idinseqw@microsoft.com,Female,Kedungreja,691-164-7242
970,Garrot,Hugo,ghugoqx@springer.com,Male,Uddevalla,239-460-9834
971,Melisandra,Heed,mheedqy@technorati.com,Female,Oepula,598-204-2196
972,Ewell,Wortley,ewortleyqz@qq.com,Male,Gongchang,570-858-7230
973,Rob,Brisbane,rbrisbaner0@mlb.com,Male,Bílovice,425-251-8165
974,Padraic,Dorsey,pdorseyr1@moonfruit.com,Male,Baiba,480-713-0725
975,Celestyn,Frere,cfrerer2@addtoany.com,Bigender,Dayuan,897-524-1312
976,Candace,Gusticke,cgusticker3@chronoengine.com,Female,Haibara,236-714-1560
977,Delinda,Torricina,dtorricinar4@newyorker.com,Female,‘Attīl,154-284-1284
978,Malva,Malacrida,mmalacridar5@wired.com,Female,Tsaratanana,967-583-5667
979,Keene,O'Cannovane,kocannovaner6@senate.gov,Male,Chenghe,470-289-4251
980,Tandi,Straffon,tstraffonr7@salon.com,Female,Oktyabr’sk,499-397-3402
981,Briny,Unwins,bunwinsr8@cnet.com,Female,Daishan,352-556-0323
982,Jaime,Denecamp,jdenecampr9@wunderground.com,Female,Pejibaye,785-189-0338
983,Frans,Cobbledick,fcobbledickra@mit.edu,Male,Makueni,730-900-7536
984,Aileen,Pratley,apratleyrb@reddit.com,Female,Hamamatsu,981-926-0454
985,Antonetta,Klampt,aklamptrc@bizjournals.com,Female,Linshi,128-122-4982
986,Georgeta,Lake,glakerd@businessweek.com,Female,Smach Mean Chey,232-839-7019
987,Verile,Abade,vabadere@360.cn,Female,Paraná,790-785-2174
988,Cordula,Ferraraccio,cferraracciorf@shinystat.com,Female,Nîmes,353-779-1429
989,Gabriela,Rustadge,grustadgerg@zimbio.com,Female,Star’,425-317-8751
990,Mitzi,Dunnan,mdunnanrh@wisc.edu,Female,Donabate,681-926-2485
991,Leese,Ebbetts,lebbettsri@paypal.com,Female,Privlaka,228-847-8975
992,Bibbie,Spence,bspencerj@google.es,Female,Esmeraldas,272-235-4313
993,Massimiliano,Bugler,mbuglerrk@bloglovin.com,Male,Plaza de Caisán,763-998-5565
994,Mannie,Fearey,mfeareyrl@example.com,Male,Kasiyan,237-260-1357
995,Court,Marchenko,cmarchenkorm@google.com,Male,Bīr Zayt,738-255-0959
996,Weston,Adamolli,wadamollirn@mtv.com,Male,Karanggedang,354-796-2423
997,Ollie,Cummine,ocumminero@nationalgeographic.com,Female,Changning,625-299-2643
998,Creight,Muskett,cmuskettrp@cpanel.net,Agender,Solnechnogorsk,826-701-7208
999,Max,Dael,mdaelrq@gmpg.org,Female,Partizansk,682-748-6534
1000,Sadie,Eadmead,seadmeadrr@bloglines.com,Agender,Jiangqiao,235-736-2584
